x_uncompressed,y_uncompressed,z_uncompressed,z_decompressed,y_decompressed,z_decompressed,distance
11.003,8.378,0.25,0.25,8.378,11.003,0
10.938,8.383,0.25,0.25,8.378,10.933,0.00707056
10.872,8.387,0.25,0.25,8.378,10.863,0.0127277
10.811,8.394,0.25,0.25,8.388,10.803,0.00999928
10.745,8.398,0.25,0.25,8.388,10.743,0.0101973
10.689,8.408,0.25,0.25,8.398,10.683,0.0116611
10.595,8.388,0.249,0.24,8.378,10.593,0.0136009
10.578,8.402,0.249,0.24,8.398,10.573,0.0110453
10.513,8.404,0.249,0.24,8.398,10.503,0.0147303
10.457,8.414,0.249,0.24,8.408,10.453,0.0115322
10.399,8.421,0.249,0.24,8.418,10.393,0.0112246
10.326,8.416,0.249,0.24,8.408,10.323,0.01241
10.259,8.416,0.249,0.24,8.408,10.253,0.0134537
10.194,8.416,0.248,0.24,8.408,10.193,0.0113581
10.161,8.415,0.248,0.24,8.408,10.153,0.0133043
10.087,8.408,0.248,0.24,8.398,10.083,0.0134158
10.046,8.428,0.248,0.24,8.428,10.043,0.00854376
9.966,8.414,0.248,0.24,8.408,9.963,0.0104399
9.918,8.428,0.248,0.24,8.428,9.913,0.00943404
9.863,8.434,0.248,0.24,8.428,9.853,0.0141414
9.801,8.435,0.248,0.24,8.428,9.793,0.0133038
9.746,8.414,0.247,0.24,8.408,9.743,0.00969517
9.706,8.433,0.247,0.24,8.428,9.703,0.00911006
9.656,8.443,0.247,0.24,8.438,9.653,0.00911006
9.613,8.459,0.247,0.24,8.458,9.603,0.0122468
9.561,8.467,0.247,0.24,8.458,9.553,0.0139279
9.527,8.49,0.247,0.24,8.488,9.523,0.00830645
9.494,8.515,0.247,0.24,8.508,9.493,0.00994989
9.508,8.554,0.247,0.24,8.548,9.503,0.0104879
9.552,8.648,0.247,0.24,8.638,9.543,0.0151652
9.578,8.726,0.248,0.24,8.718,9.573,0.012369
9.616,8.816,0.248,0.24,8.808,9.613,0.0117044
9.644,8.897,0.248,0.24,8.888,9.643,0.0120829
9.659,8.967,0.248,0.24,8.958,9.653,0.0134537
11.096,8.459,0.185,0.18,8.458,11.093,0.00591563
11.002,8.443,0.185,0.18,8.438,10.993,0.011445
10.919,8.433,0.185,0.18,8.428,10.913,0.00927288
10.87,8.45,0.185,0.18,8.448,10.863,0.0088317
10.801,8.451,0.185,0.18,8.448,10.793,0.0098991
10.728,8.448,0.185,0.18,8.438,10.723,0.0122465
10.671,8.458,0.185,0.18,8.448,10.663,0.0137476
10.624,8.447,0.185,0.18,8.438,10.623,0.010343
10.564,8.454,0.186,0.18,8.448,10.563,0.0085443
10.494,8.452,0.186,0.18,8.448,10.493,0.00728
10.432,8.456,0.186,0.18,8.448,10.423,0.0134537
10.379,8.467,0.186,0.18,8.458,10.373,0.012369
10.321,8.474,0.186,0.18,8.468,10.313,0.0116613
10.248,8.468,0.186,0.18,8.468,10.243,0.00781032
10.189,8.446,0.186,0.18,8.438,10.183,0.0116613
10.144,8.463,0.186,0.18,8.458,10.143,0.00787401
10.081,8.463,0.186,0.18,8.458,10.073,0.0111807
10.019,8.465,0.186,0.18,8.458,10.013,0.0110003
9.954,8.464,0.186,0.18,8.458,9.953,0.00854374
9.9,8.472,0.186,0.18,8.468,9.893,0.0100491
9.848,8.481,0.186,0.18,8.478,9.843,0.00836585
9.791,8.486,0.186,0.18,8.478,9.783,0.0128061
9.748,8.475,0.186,0.18,8.468,9.743,0.0104881
9.704,8.491,0.186,0.18,8.488,9.703,0.0067825
9.664,8.509,0.187,0.18,8.508,9.663,0.00714127
9.618,8.522,0.187,0.18,8.518,9.613,0.00948677
9.567,8.531,0.187,0.18,8.528,9.563,0.00860228
9.506,8.53,0.187,0.18,8.528,9.503,0.00787371
9.432,8.517,0.187,0.18,8.508,9.423,0.0145256
9.405,8.52,0.187,0.18,8.518,9.403,0.00754976
9.356,8.529,0.187,0.18,8.528,9.353,0.00768093
9.308,8.538,0.187,0.18,8.528,9.303,0.0131908
9.241,8.531,0.187,0.18,8.528,9.233,0.0110457
9.191,8.538,0.187,0.18,8.528,9.183,0.0145944
9.163,8.565,0.187,0.18,8.558,9.153,0.0140709
9.14,8.598,0.187,0.18,8.588,9.133,0.0140707
9.116,8.603,0.187,0.18,8.598,9.113,0.00911006
9.141,8.681,0.187,0.18,8.678,9.133,0.0110448
9.131,8.726,0.187,0.18,8.718,9.123,0.0133034
9.13,8.78,0.187,0.18,8.778,9.123,0.0100995
9.141,8.846,0.187,0.18,8.838,9.133,0.0133034
9.153,8.914,0.187,0.18,8.908,9.143,0.0136007
9.161,8.978,0.187,0.18,8.968,9.153,0.0145942
9.213,9.058,0.186,0.18,9.048,9.213,0.0116613
9.216,9.118,0.186,0.18,9.108,9.213,0.0120416
9.241,9.201,0.186,0.18,9.198,9.233,0.0104407
9.249,9.267,0.186,0.18,9.258,9.243,0.012369
10.977,8.379,0.097,0.09,8.378,10.973,0.00812383
10.913,8.385,0.097,0.09,8.378,10.903,0.0140714
10.873,8.381,0.098,0.09,8.378,10.863,0.013153
10.803,8.382,0.098,0.09,8.378,10.803,0.00894414
10.745,8.391,0.098,0.09,8.388,10.743,0.00877469
10.677,8.392,0.099,0.09,8.388,10.673,0.0106299
10.616,8.398,0.099,0.09,8.388,10.613,0.0137836
10.547,8.398,0.1,0.1,8.388,10.543,0.0107695
10.488,8.405,0.1,0.1,8.398,10.483,0.00860159
10.428,8.411,0.1,0.1,8.408,10.423,0.00583118
10.387,8.405,0.101,0.1,8.398,10.383,0.00812305
10.308,8.395,0.101,0.1,8.388,10.303,0.00865974
10.233,8.388,0.102,0.1,8.378,10.223,0.0142818
10.179,8.397,0.102,0.1,8.388,10.173,0.0109996
10.12,8.402,0.102,0.1,8.398,10.113,0.00830646
10.065,8.41,0.103,0.1,8.408,10.063,0.0041225
10.008,8.416,0.103,0.1,8.408,10.003,0.00989985
9.953,8.397,0.103,0.1,8.388,9.943,0.0137841
9.91,8.414,0.103,0.1,8.408,9.903,0.00969507
9.851,8.418,0.104,0.1,8.408,9.843,0.0134162
9.781,8.411,0.104,0.1,8.408,9.773,0.00943357
9.724,8.415,0.105,0.1,8.408,9.723,0.00866016
9.664,8.417,0.105,0.1,8.408,9.663,0.0103439
9.617,8.429,0.105,0.1,8.428,9.613,0.00648047
9.576,8.42,0.105,0.1,8.418,9.573,0.00616449
9.524,8.428,0.106,0.1,8.428,9.523,0.00608267
9.441,8.407,0.106,0.1,8.398,9.433,0.0134525
9.392,8.417,0.107,0.1,8.408,9.383,0.0145256
9.349,8.432,0.107,0.1,8.428,9.343,0.0100495
9.271,8.414,0.107,0.1,8.408,9.263,0.012206
9.198,8.402,0.108,0.1,8.398,9.193,0.0102469
9.165,8.397,0.108,0.1,8.388,9.163,0.0122064
9.115,8.404,0.108,0.1,8.398,9.113,0.0101978
9.06,8.407,0.109,0.1,8.398,9.053,0.0145251
9.016,8.419,0.109,0.1,8.418,9.013,0.00953911
8.975,8.434,0.109,0.1,8.428,8.973,0.0109997
8.909,8.425,0.109,0.1,8.418,8.903,0.0128843
8.861,8.432,0.11,0.1,8.428,8.853,0.013416
8.801,8.428,0.11,0.1,8.428,8.793,0.0128059
8.792,8.446,0.11,0.1,8.438,8.783,0.0156521
8.757,8.466,0.11,0.1,8.458,8.753,0.013416
8.763,8.525,0.11,0.1,8.518,8.753,0.0157788
8.807,8.621,0.109,0.1,8.618,8.803,0.0102956
8.798,8.667,0.109,0.1,8.658,8.793,0.0136747
8.782,8.706,0.108,0.1,8.698,8.773,0.0144563
8.792,8.77,0.108,0.1,8.768,8.783,0.0122064
8.842,8.847,0.107,0.1,8.838,8.833,0.0145256
8.846,8.907,0.107,0.1,8.898,8.843,0.0117888
8.897,9.015,0.106,0.1,9.008,8.893,0.0100497
8.917,9.091,0.106,0.1,9.088,8.913,0.00780983
8.93,9.162,0.105,0.1,9.158,8.923,0.00948669
8.94,9.23,0.105,0.1,9.228,8.933,0.00883073
8.965,9.314,0.104,0.1,9.308,8.963,0.00748293
8.996,9.376,0.104,0.1,9.368,8.993,0.00943438
9.013,9.452,0.103,0.1,9.448,9.003,0.0111796
9.061,9.562,0.102,0.1,9.558,9.053,0.00916452
9.068,9.63,0.102,0.1,9.628,9.063,0.00574378
11.033,8.358,0.012,0.01,8.348,11.023,0.0142818
10.986,8.377,0.012,0.01,8.368,10.983,0.00969528
10.937,8.394,0.012,0.01,8.388,10.933,0.00748281
11.004,8.501,0.011,0.01,8.498,11.003,0.00331669
11.055,8.595,0.009,0,8.588,11.053,0.0115758
11.087,8.648,0.008,0,8.638,11.083,0.0134158
11.077,8.697,0.008,0,8.688,11.073,0.0126877
11.062,8.742,0.008,0,8.738,11.053,0.0126884
11.009,8.756,0.008,0,8.748,11.003,0.0128057
10.612,8.494,0.015,0.01,8.488,10.603,0.0119165
10.631,8.564,0.014,0.01,8.558,10.623,0.0107697
10.345,8.386,0.019,0.01,8.378,10.343,0.0122062
10.274,8.356,0.02,0.01,8.348,10.273,0.0128448
10.239,8.38,0.02,0.01,8.378,10.233,0.0118324
10.185,8.39,0.021,0.02,8.388,10.183,0.00299981
11.063,9.175,0.004,0,9.168,11.053,0.0128447
10.11,8.435,0.021,0.02,8.428,10.103,0.00994916
10.013,8.408,0.022,0.02,8.398,10.003,0.0142818
9.941,8.4,0.023,0.02,8.398,9.933,0.00877419
9.903,8.395,0.024,0.02,8.388,9.893,0.0128447
9.83,8.386,0.024,0.02,8.378,9.823,0.0113574
9.767,8.386,0.025,0.02,8.378,9.763,0.0102464
9.721,8.399,0.025,0.02,8.398,9.713,0.00948629
9.656,8.395,0.026,0.02,8.388,9.653,0.00969542
9.598,8.398,0.027,0.02,8.388,9.593,0.01319
9.547,8.407,0.027,0.02,8.398,9.543,0.0120821
9.497,8.416,0.028,0.02,8.408,9.493,0.0120002
9.46,8.409,0.028,0.02,8.408,9.453,0.0106771
9.372,8.384,0.029,0.02,8.378,9.363,0.0140709
9.309,8.38,0.03,0.02,8.378,9.303,0.0118319
9.254,8.384,0.031,0.03,8.378,9.253,0.0061639
9.173,8.363,0.032,0.03,8.358,9.173,0.00538527
9.134,8.379,0.032,0.03,8.378,9.133,0.00244904
9.081,8.383,0.032,0.03,8.378,9.073,0.00964402
9.039,8.37,0.033,0.03,8.368,9.033,0.00699959
8.989,8.377,0.033,0.03,8.368,8.983,0.0112251
8.935,8.379,0.034,0.03,8.378,8.933,0.00458239
8.887,8.386,0.034,0.03,8.378,8.883,0.00979737
8.831,8.387,0.035,0.03,8.378,8.823,0.0130385
8.788,8.398,0.035,0.03,8.388,8.783,0.0122469
8.717,8.382,0.036,0.03,8.378,8.713,0.00824593
8.688,8.381,0.036,0.03,8.378,8.683,0.00836585
8.631,8.379,0.037,0.03,8.378,8.623,0.0106766
8.581,8.382,0.037,0.03,8.378,8.573,0.011358
8.534,8.389,0.038,0.03,8.388,8.533,0.00812402
8.502,8.41,0.038,0.03,8.408,8.493,0.0122064
8.498,8.46,0.037,0.03,8.458,8.493,0.00883179
8.503,8.517,0.037,0.03,8.508,8.503,0.0114016
8.497,8.565,0.036,0.03,8.558,8.493,0.0100491
8.512,8.607,0.036,0.03,8.598,8.503,0.014071
8.525,8.675,0.035,0.03,8.668,8.523,0.00883149
8.524,8.729,0.035,0.03,8.728,8.523,0.00519594
8.537,8.798,0.034,0.03,8.798,8.533,0.00565665
8.536,8.852,0.033,0.03,8.848,8.533,0.00583089
8.584,8.958,0.032,0.03,8.948,8.583,0.0102471
8.601,9.033,0.031,0.03,9.028,8.593,0.0094864
8.634,9.096,0.03,0.02,9.088,8.633,0.0128448
8.65,9.171,0.029,0.02,9.168,8.643,0.0117891
8.574,9.147,0.03,0.02,9.138,8.573,0.0134906
8.696,9.337,0.027,0.02,9.328,8.693,0.0117898
8.706,9.407,0.026,0.02,9.398,8.703,0.0112241
8.748,9.512,0.024,0.02,9.508,8.743,0.00754976
8.761,9.587,0.024,0.02,9.578,8.753,0.0126881
8.786,9.675,0.022,0.02,9.668,8.783,0.00787408
11.053,8.354,-0.085,-0.09,8.348,11.053,0.00780992
11.015,8.381,-0.085,-0.09,8.378,11.013,0.00616434
11.019,8.438,-0.086,-0.09,8.428,11.013,0.0123285
11.124,8.574,-0.089,-0.09,8.568,11.123,0.00616483
11.122,8.628,-0.09,-0.1,8.628,11.113,0.0134535
11.113,8.677,-0.091,-0.1,8.668,11.103,0.0161859
11.126,8.744,-0.092,-0.1,8.738,11.123,0.0104407
10.996,8.67,-0.089,-0.09,8.668,10.993,0.00374179
11.061,8.777,-0.091,-0.1,8.768,11.053,0.0150329
10.594,8.462,-0.079,-0.08,8.458,10.593,0.00424224
10.427,8.383,-0.075,-0.08,8.378,10.423,0.00812396
10.363,8.386,-0.074,-0.08,8.378,10.353,0.0141413
10.278,8.37,-0.073,-0.08,8.368,10.273,0.00883125
10.242,8.395,-0.073,-0.08,8.388,10.233,0.013379
10.197,8.412,-0.072,-0.08,8.408,10.193,0.00979772
10.167,8.414,-0.072,-0.08,8.408,10.163,0.01077
10.097,8.41,-0.07,-0.08,8.408,10.093,0.0109543
9.914,8.417,-0.068,-0.07,8.408,9.913,0.00927339
9.849,8.416,-0.067,-0.07,8.408,9.843,0.0104403
11.178,9.637,-0.104,-0.11,9.628,11.173,0.0119163
9.675,8.4,-0.064,-0.07,8.398,9.673,0.00663287
9.626,8.411,-0.063,-0.07,8.408,9.623,0.00818554
9.565,8.411,-0.062,-0.07,8.408,9.563,0.0087748
9.513,8.418,-0.061,-0.07,8.408,9.503,0.0167628
9.432,8.399,-0.06,-0.06,8.398,9.423,0.00905515
9.378,8.405,-0.059,-0.06,8.398,9.373,0.00865952
9.343,8.399,-0.058,-0.06,8.398,9.343,0.00223582
9.254,8.372,-0.057,-0.06,8.368,9.253,0.00509868
9.226,8.4,-0.057,-0.06,8.398,9.223,0.0046895
9.192,8.422,-0.056,-0.06,8.418,9.183,0.0106299
10.432,9.89,-0.096,-0.1,9.888,10.423,0.0100497
10.382,9.904,-0.096,-0.1,9.898,10.373,0.0115322
10.339,9.926,-0.095,-0.1,9.918,10.333,0.0111797
10.206,9.86,-0.092,-0.1,9.858,10.203,0.00877502
10.131,9.911,-0.092,-0.1,9.908,10.123,0.0117044
8.543,8.443,-0.047,-0.05,8.438,8.533,0.0115757
8.5,8.453,-0.046,-0.05,8.448,8.493,0.00948687
9.939,9.94,-0.09,-0.1,9.938,9.933,0.0118318
9.878,9.942,-0.089,-0.09,9.938,9.873,0.00648065
9.819,9.944,-0.088,-0.09,9.938,9.813,0.0087172
9.744,9.931,-0.087,-0.09,9.928,9.743,0.00435852
9.694,9.943,-0.086,-0.09,9.938,9.693,0.00648016
9.643,9.921,-0.085,-0.09,9.918,9.633,0.011575
9.54,9.878,-0.083,-0.09,9.878,9.533,0.00989948
9.519,9.918,-0.083,-0.09,9.908,9.513,0.0136015
9.431,9.889,-0.081,-0.09,9.888,9.423,0.0120826
9.127,9.631,-0.073,-0.08,9.628,9.123,0.00860195
8.551,9.083,-0.056,-0.06,9.078,8.543,0.0102466
8.537,9.124,-0.057,-0.06,9.118,8.533,0.00780977
8.551,9.169,-0.058,-0.06,9.168,8.543,0.008306
8.562,9.238,-0.059,-0.06,9.228,8.553,0.0134901
8.547,9.281,-0.059,-0.06,9.278,8.543,0.00509894
8.563,9.356,-0.061,-0.07,9.348,8.553,0.0156517
8.547,9.398,-0.061,-0.07,9.388,8.543,0.0140351
8.56,9.472,-0.063,-0.07,9.468,8.553,0.0106769
8.563,9.534,-0.064,-0.07,9.528,8.553,0.0131146
8.565,9.567,-0.064,-0.07,9.558,8.563,0.0109997
8.567,9.63,-0.065,-0.07,9.628,8.563,0.00670799
8.565,9.688,-0.066,-0.07,9.678,8.563,0.0109536
8.579,9.766,-0.067,-0.07,9.758,8.573,0.0104402
8.573,9.822,-0.068,-0.07,9.818,8.563,0.0109537
8.584,9.897,-0.07,-0.08,9.888,8.583,0.0134906
11.027,8.38,-0.156,-0.16,8.378,11.023,0.00599975
10.974,8.394,-0.156,-0.16,8.388,10.973,0.00727967
11.083,8.505,-0.16,-0.16,8.498,11.073,0.0122067
11.084,8.562,-0.16,-0.16,8.558,11.083,0.00412269
11.092,8.623,-0.162,-0.17,8.618,11.083,0.0130383
11.107,8.692,-0.163,-0.17,8.688,11.103,0.00899974
11.119,8.757,-0.164,-0.17,8.748,11.113,0.0123694
10.926,8.66,-0.159,-0.16,8.658,10.923,0.00374102
10.931,8.721,-0.16,-0.16,8.718,10.923,0.00854322
10.391,8.369,-0.143,-0.15,8.368,10.383,0.0106767
10.33,8.374,-0.142,-0.15,8.368,10.323,0.0122063
10.279,8.386,-0.141,-0.15,8.378,10.273,0.0134531
10.219,8.39,-0.14,-0.15,8.388,10.213,0.0118319
10.177,8.409,-0.14,-0.15,8.408,10.173,0.0108166
10.111,8.408,-0.138,-0.14,8.398,10.103,0.0129606
10.045,8.406,-0.137,-0.14,8.398,10.043,0.0087744
9.992,8.389,-0.135,-0.14,8.388,9.983,0.0103439
9.941,8.399,-0.135,-0.14,8.398,9.933,0.00948628
9.881,8.402,-0.133,-0.14,8.398,9.873,0.0113573
9.842,8.422,-0.133,-0.14,8.418,9.833,0.0120828
11.166,9.621,-0.18,-0.19,9.618,11.163,0.0108629
11.163,9.68,-0.181,-0.19,9.678,11.153,0.0136016
9.641,8.408,-0.129,-0.13,8.398,9.633,0.0128443
9.599,8.398,-0.128,-0.13,8.388,9.593,0.0118313
9.537,8.396,-0.127,-0.13,8.388,9.533,0.00943336
9.488,8.406,-0.126,-0.13,8.398,9.483,0.0102466
9.414,8.394,-0.124,-0.13,8.388,9.413,0.00854363
9.377,8.414,-0.124,-0.13,8.408,9.373,0.00938043
9.29,8.388,-0.122,-0.13,8.378,9.283,0.014594
9.238,8.394,-0.121,-0.13,8.388,9.233,0.0119162
9.198,8.384,-0.12,-0.12,8.378,9.193,0.00780999
9.369,8.595,-0.127,-0.13,8.588,9.363,0.00969566
10.373,9.918,-0.17,-0.18,9.908,10.363,0.0173208
10.317,9.927,-0.169,-0.17,9.918,10.313,0.00989922
8.395,8.355,-0.104,-0.11,8.348,8.393,0.00943322
8.446,8.46,-0.107,-0.11,8.458,8.443,0.00469052
9.573,9.931,-0.155,-0.16,9.928,9.563,0.011575
9.506,9.923,-0.154,-0.16,9.918,9.503,0.00836642
9.461,9.939,-0.153,-0.16,9.938,9.453,0.0106773
9.356,9.89,-0.15,-0.16,9.888,9.353,0.0106299
9.312,9.906,-0.15,-0.16,9.898,9.303,0.0156521
9.139,9.783,-0.144,-0.15,9.778,9.133,0.00984866
9.124,9.828,-0.145,-0.15,9.818,9.123,0.0112251
8.589,9.918,-0.137,-0.14,9.908,8.583,0.0120416
10.993,8.338,-0.237,-0.24,8.338,10.983,0.0104405
10.992,8.392,-0.238,-0.24,8.388,10.983,0.0100496
11.04,8.484,-0.241,-0.25,8.478,11.033,0.0128839
11.034,8.534,-0.242,-0.25,8.528,11.033,0.0100502
11.044,8.597,-0.244,-0.25,8.588,11.043,0.0108626
11.068,8.644,-0.245,-0.25,8.638,11.063,0.00927288
11.071,8.702,-0.246,-0.25,8.698,11.063,0.00979736
11.156,8.826,-0.251,-0.26,8.818,11.153,0.01241
10.817,8.613,-0.238,-0.24,8.608,10.813,0.00670811
10.342,8.343,-0.221,-0.23,8.338,10.333,0.0136747
10.305,8.367,-0.22,-0.22,8.358,10.303,0.00921934
10.233,8.335,-0.218,-0.22,8.328,10.223,0.0123687
10.182,8.347,-0.217,-0.22,8.338,10.173,0.0130765
10.149,8.374,-0.217,-0.22,8.368,10.143,0.00899942
11.184,9.284,-0.261,-0.27,9.278,11.183,0.010863
11.193,9.351,-0.262,-0.27,9.348,11.183,0.0131522
9.935,8.356,-0.211,-0.22,8.348,9.933,0.0122062
9.866,8.351,-0.209,-0.21,8.348,9.863,0.0043586
11.131,9.569,-0.265,-0.27,9.568,11.123,0.0094864
11.132,9.63,-0.267,-0.27,9.628,11.123,0.00969517
9.6,8.363,-0.203,-0.21,8.358,9.593,0.0110906
9.532,8.356,-0.201,-0.21,8.348,9.523,0.0150323
9.468,8.353,-0.2,-0.21,8.348,9.463,0.0122471
9.416,8.334,-0.198,-0.2,8.328,9.413,0.00699974
9.391,8.365,-0.198,-0.2,8.358,9.383,0.0108162
9.298,8.334,-0.195,-0.2,8.328,9.293,0.0092734
9.258,8.351,-0.195,-0.2,8.348,9.253,0.00768096
9.189,8.341,-0.193,-0.2,8.338,9.183,0.00969488
9.127,8.338,-0.191,-0.2,8.338,9.123,0.00984874
9.323,8.597,-0.202,-0.21,8.588,9.313,0.0156519
9.315,8.644,-0.202,-0.21,8.638,9.313,0.0101976
9.322,8.705,-0.204,-0.21,8.698,9.313,0.0128833
9.313,8.752,-0.205,-0.21,8.748,9.303,0.0118736
9.45,8.991,-0.213,-0.22,8.988,9.443,0.0103441
9.453,9.051,-0.215,-0.22,9.048,9.443,0.0115759
9.442,9.098,-0.215,-0.22,9.088,9.433,0.0143521
9.461,9.144,-0.217,-0.22,9.138,9.453,0.0104403
9.469,9.21,-0.218,-0.22,9.208,9.463,0.00663281
9.453,9.253,-0.219,-0.22,9.248,9.443,0.0112252
9.539,9.454,-0.225,-0.23,9.448,9.533,0.00984891
8.401,8.383,-0.176,-0.18,8.378,8.393,0.0102466
8.375,8.41,-0.176,-0.18,8.408,8.373,0.00489887
9.471,9.535,-0.226,-0.23,9.528,9.463,0.0113574
9.465,9.589,-0.227,-0.23,9.588,9.463,0.00374144
9.46,9.644,-0.228,-0.23,9.638,9.453,0.00943368
9.469,9.714,-0.23,-0.24,9.708,9.463,0.0131145
9.459,9.765,-0.231,-0.24,9.758,9.453,0.0128839
9.473,9.841,-0.233,-0.24,9.838,9.463,0.0125691
9.496,9.927,-0.235,-0.24,9.918,9.493,0.0107237
9.38,9.836,-0.231,-0.24,9.828,9.373,0.0139286
9.345,9.861,-0.23,-0.24,9.858,9.343,0.0106302
9.281,9.856,-0.229,-0.23,9.848,9.273,0.011357
9.224,9.857,-0.228,-0.23,9.848,9.223,0.00927339
8.565,9.214,-0.198,-0.2,9.208,8.563,0.00663253
8.467,9.825,-0.211,-0.22,9.818,8.463,0.0120829
8.479,9.902,-0.213,-0.22,9.898,8.473,0.0100495
11.073,8.339,-0.33,-0.34,8.338,11.063,0.0141769
11,8.338,-0.328,-0.33,8.338,10.993,0.00728008
10.922,8.333,-0.326,-0.33,8.328,10.913,0.0110453
10.878,8.354,-0.325,-0.33,8.348,10.873,0.00927341
10.817,8.361,-0.323,-0.33,8.358,10.813,0.00860228
10.737,8.353,-0.32,-0.32,8.348,10.733,0.00640288
10.682,8.364,-0.319,-0.32,8.358,10.673,0.0108629
10.627,8.348,-0.317,-0.32,8.338,10.623,0.0111796
10.566,8.354,-0.315,-0.32,8.348,10.563,0.00836604
10.542,8.388,-0.315,-0.32,8.378,10.533,0.0143521
10.535,8.438,-0.316,-0.32,8.428,10.533,0.0109538
10.385,8.37,-0.31,-0.32,8.368,10.383,0.0103922
10.316,8.369,-0.308,-0.31,8.368,10.313,0.00374121
10.275,8.388,-0.307,-0.31,8.378,10.273,0.0106293
10.234,8.382,-0.306,-0.31,8.378,10.233,0.00574444
10.164,8.378,-0.304,-0.31,8.378,10.163,0.00608268
10.11,8.387,-0.302,-0.31,8.378,10.103,0.0139278
10.027,8.371,-0.3,-0.31,8.368,10.023,0.0111803
11.238,9.446,-0.362,-0.37,9.438,11.233,0.012369
9.918,8.386,-0.297,-0.3,8.378,9.913,0.00989909
9.863,8.392,-0.295,-0.3,8.388,9.853,0.0118736
11.229,9.59,-0.365,-0.37,9.588,11.223,0.0080619
11.218,9.642,-0.366,-0.37,9.638,11.213,0.00754976
9.683,8.371,-0.289,-0.29,8.368,9.673,0.0104875
9.63,8.378,-0.288,-0.29,8.378,9.623,0.00728008
9.564,8.374,-0.286,-0.29,8.368,9.563,0.00727966
9.524,8.392,-0.285,-0.29,8.388,9.523,0.00648047
9.458,8.386,-0.283,-0.29,8.378,9.453,0.011747
9.387,8.376,-0.281,-0.29,8.368,9.383,0.0126887
9.354,8.373,-0.28,-0.29,8.368,9.353,0.011225
9.31,8.386,-0.279,-0.28,8.378,9.303,0.0106766
9.422,8.596,-0.288,-0.29,8.588,9.413,0.012206
9.352,8.64,-0.287,-0.29,8.638,9.343,0.00969516
9.35,8.693,-0.288,-0.29,8.688,9.343,0.00883126
9.367,8.736,-0.29,-0.29,8.728,9.363,0.00894362
9.354,8.779,-0.291,-0.3,8.778,9.353,0.00911042
9.502,9.032,-0.301,-0.31,9.028,9.493,0.0133415
9.501,9.088,-0.303,-0.31,9.088,9.493,0.0106304
9.496,9.14,-0.304,-0.31,9.138,9.493,0.00700008
9.501,9.203,-0.306,-0.31,9.198,9.493,0.0102473
9.518,9.249,-0.308,-0.31,9.248,9.513,0.00547636
9.503,9.293,-0.308,-0.31,9.288,9.503,0.00538527
9.517,9.365,-0.311,-0.32,9.358,9.513,0.0120829
9.619,9.526,-0.318,-0.32,9.518,9.613,0.0101979
9.49,9.457,-0.313,-0.32,9.448,9.483,0.013379
8.328,8.347,-0.251,-0.26,8.338,8.323,0.0136747
8.387,8.46,-0.255,-0.26,8.458,8.383,0.00670798
9.34,9.454,-0.308,-0.31,9.448,9.333,0.00943429
9.288,9.461,-0.307,-0.31,9.458,9.283,0.00655764
9.265,9.497,-0.307,-0.31,9.488,9.263,0.00969516
9.273,9.565,-0.31,-0.32,9.558,9.263,0.0157788
9.266,9.619,-0.311,-0.32,9.618,9.263,0.00953922
9.25,9.662,-0.312,-0.32,9.658,9.243,0.0113577
9.385,9.867,-0.321,-0.33,9.858,9.383,0.012884
9.308,9.847,-0.318,-0.32,9.838,9.303,0.0104875
9.313,9.883,-0.32,-0.32,9.878,9.303,0.0111797
9.283,9.914,-0.32,-0.32,9.908,9.273,0.0116611
9.234,9.924,-0.319,-0.32,9.918,9.233,0.00616405
8.522,9.941,-0.301,-0.31,9.938,8.513,0.0130764
8.488,9.965,-0.301,-0.31,9.958,8.483,0.0124499
11.091,8.293,-0.412,-0.42,8.288,11.083,0.012369
11.034,8.305,-0.411,-0.42,8.298,11.033,0.0114455
10.981,8.319,-0.409,-0.41,8.318,10.973,0.00812352
10.931,8.309,-0.407,-0.41,8.308,10.923,0.00860172
10.864,8.311,-0.405,-0.41,8.308,10.863,0.00591579
10.8,8.316,-0.403,-0.41,8.308,10.793,0.0127275
10.721,8.31,-0.4,-0.41,8.308,10.713,0.0129611
10.668,8.323,-0.398,-0.4,8.318,10.663,0.00734863
10.595,8.319,-0.396,-0.4,8.318,10.593,0.00458261
10.542,8.332,-0.394,-0.4,8.328,10.533,0.0115323
10.49,8.317,-0.392,-0.4,8.308,10.483,0.0139283
10.432,8.325,-0.39,-0.39,8.318,10.423,0.0114016
10.39,8.345,-0.389,-0.39,8.338,10.383,0.00994983
10.302,8.328,-0.386,-0.39,8.318,10.293,0.0140357
10.232,8.325,-0.383,-0.39,8.318,10.223,0.013379
10.2,8.352,-0.383,-0.39,8.348,10.193,0.0106769
10.121,8.341,-0.38,-0.38,8.338,10.113,0.00854411
10.073,8.355,-0.378,-0.38,8.348,10.063,0.0123682
10.031,8.346,-0.377,-0.38,8.338,10.023,0.0117039
9.951,8.333,-0.374,-0.38,8.328,9.943,0.0111806
9.883,8.33,-0.371,-0.38,8.328,9.883,0.00921952
9.851,8.356,-0.371,-0.38,8.348,9.843,0.0144562
9.767,8.337,-0.368,-0.37,8.328,9.763,0.0100496
9.738,8.365,-0.367,-0.37,8.358,9.733,0.00911047
9.655,8.348,-0.364,-0.37,8.338,9.653,0.0118315
9.627,8.35,-0.363,-0.37,8.348,9.623,0.00830645
9.543,8.33,-0.36,-0.37,8.328,9.533,0.014283
9.489,8.335,-0.358,-0.36,8.328,9.483,0.00943429
9.44,8.345,-0.357,-0.36,8.338,9.433,0.0103434
9.372,8.338,-0.354,-0.36,8.338,9.363,0.0108165
9.322,8.346,-0.353,-0.36,8.338,9.313,0.0139273
9.267,8.35,-0.351,-0.36,8.348,9.263,0.0100497
9.217,8.331,-0.349,-0.35,8.328,9.213,0.00509894
9.13,8.305,-0.345,-0.35,8.298,9.123,0.0110905
9.256,8.472,-0.354,-0.36,8.468,9.253,0.00780984
9.338,8.601,-0.361,-0.37,8.598,9.333,0.0107237
9.352,8.668,-0.364,-0.37,8.658,9.343,0.014731
9.356,8.726,-0.365,-0.37,8.718,9.353,0.00989881
9.356,8.781,-0.367,-0.37,8.778,9.353,0.0051959
9.361,8.814,-0.368,-0.37,8.808,9.353,0.0101973
9.487,9.217,-0.385,-0.39,9.208,9.483,0.0110455
9.501,9.288,-0.387,-0.39,9.278,9.493,0.0131533
9.486,9.332,-0.388,-0.39,9.328,9.483,0.00538508
9.49,9.424,-0.391,-0.4,9.418,9.483,0.0128839
8.375,8.373,-0.323,-0.33,8.368,8.373,0.00883179
8.256,8.307,-0.317,-0.32,8.298,8.253,0.0099495
9.324,9.435,-0.386,-0.39,9.428,9.323,0.00812405
9.281,9.452,-0.386,-0.39,9.448,9.273,0.00979736
9.277,9.507,-0.387,-0.39,9.498,9.273,0.0102954
9.288,9.548,-0.389,-0.39,9.548,9.283,0.00509913
9.347,9.791,-0.398,-0.4,9.788,9.343,0.0053851
9.326,9.831,-0.399,-0.4,9.828,9.323,0.00435926
9.323,9.889,-0.401,-0.41,9.888,9.313,0.0134902
9.253,9.878,-0.398,-0.4,9.878,9.253,0.002
9.227,9.88,-0.398,-0.4,9.878,9.223,0.00489869
8.492,9.905,-0.377,-0.38,9.898,8.483,0.0117891
8.431,9.929,-0.376,-0.38,9.928,8.423,0.00899943
11.051,8.248,-0.489,-0.49,8.238,11.043,0.0128451
11.03,8.287,-0.489,-0.49,8.278,11.023,0.0114448
10.959,8.287,-0.487,-0.49,8.278,10.953,0.0112246
10.885,8.285,-0.484,-0.49,8.278,10.883,0.00943394
10.815,8.285,-0.481,-0.49,8.278,10.813,0.0115756
10.772,8.279,-0.479,-0.48,8.278,10.763,0.00911125
10.686,8.267,-0.475,-0.48,8.258,10.683,0.0107235
10.635,8.28,-0.473,-0.48,8.278,10.633,0.00754976
10.565,8.279,-0.471,-0.48,8.278,10.563,0.00927343
10.504,8.285,-0.468,-0.47,8.278,10.503,0.00734837
10.453,8.298,-0.467,-0.47,8.298,10.443,0.0104405
10.385,8.297,-0.464,-0.47,8.288,10.383,0.0109998
10.334,8.283,-0.462,-0.47,8.278,10.333,0.00948682
10.271,8.286,-0.459,-0.46,8.278,10.263,0.0113583
10.209,8.289,-0.457,-0.46,8.288,10.203,0.00678187
10.146,8.29,-0.455,-0.46,8.288,10.143,0.00616403
10.086,8.294,-0.452,-0.46,8.288,10.083,0.0104401
10.019,8.291,-0.45,-0.45,8.288,10.013,0.00670878
9.974,8.308,-0.448,-0.45,8.298,9.973,0.0102462
9.935,8.301,-0.447,-0.45,8.298,9.933,0.0046899
9.863,8.294,-0.444,-0.45,8.288,9.853,0.0131141
9.801,8.294,-0.441,-0.45,8.288,9.793,0.0134531
9.75,8.304,-0.44,-0.44,8.298,9.743,0.00921924
9.685,8.3,-0.437,-0.44,8.298,9.683,0.00412296
9.625,8.302,-0.435,-0.44,8.298,9.623,0.00670798
9.583,8.318,-0.434,-0.44,8.308,9.573,0.015362
9.535,8.303,-0.431,-0.44,8.298,9.533,0.0104881
9.477,8.305,-0.429,-0.43,8.298,9.473,0.00812387
9.414,8.301,-0.427,-0.43,8.298,9.413,0.00435831
9.362,8.308,-0.425,-0.43,8.298,9.353,0.0143521
9.311,8.315,-0.423,-0.43,8.308,9.303,0.012727
9.267,8.328,-0.422,-0.43,8.318,9.263,0.0134165
9.229,8.347,-0.421,-0.43,8.338,9.223,0.014071
9.178,8.353,-0.42,-0.42,8.348,9.173,0.00707056
9.17,8.372,-0.42,-0.42,8.368,9.163,0.00806209
9.297,8.542,-0.431,-0.44,8.538,9.293,0.0106299
9.306,8.605,-0.433,-0.44,8.598,9.303,0.0103432
9.325,8.677,-0.436,-0.44,8.668,9.323,0.0100497
9.309,8.717,-0.437,-0.44,8.708,9.303,0.0112246
9.313,8.776,-0.439,-0.44,8.768,9.303,0.0128443
9.493,9.204,-0.461,-0.47,9.198,9.483,0.0147313
9.494,9.263,-0.463,-0.47,9.258,9.493,0.00865982
9.492,9.319,-0.465,-0.47,9.318,9.483,0.010344
9.49,9.376,-0.466,-0.47,9.368,9.483,0.0113581
9.549,9.524,-0.474,-0.48,9.518,9.543,0.0103918
8.327,8.353,-0.389,-0.39,8.348,8.323,0.00647991
8.204,8.281,-0.382,-0.39,8.278,8.203,0.00860245
8.366,8.499,-0.395,-0.4,8.498,8.363,0.00591611
8.354,8.54,-0.396,-0.4,8.538,8.353,0.0045824
8.349,8.589,-0.398,-0.4,8.588,8.343,0.00640263
8.344,8.638,-0.4,-0.41,8.628,8.343,0.0141769
8.36,8.681,-0.402,-0.41,8.678,8.353,0.0110445
8.375,8.752,-0.405,-0.41,8.748,8.373,0.00670798
8.369,8.802,-0.406,-0.41,8.798,8.363,0.00824645
8.372,8.86,-0.409,-0.41,8.858,8.363,0.00927342
9.255,9.861,-0.476,-0.48,9.858,9.253,0.00538524
8.364,8.964,-0.412,-0.42,8.958,8.363,0.0100496
8.354,9.038,-0.415,-0.42,9.028,8.353,0.0112251
8.351,9.093,-0.417,-0.42,9.088,8.343,0.00989908
8.341,9.139,-0.418,-0.42,9.138,8.333,0.00830599
8.348,9.206,-0.421,-0.43,9.198,8.343,0.0130383
8.351,9.268,-0.423,-0.43,9.258,8.343,0.0145937
8.381,9.816,-0.445,-0.45,9.808,8.373,0.0123686
8.374,9.871,-0.447,-0.45,9.868,8.373,0.00435895
8.396,9.929,-0.45,-0.45,9.928,8.393,0.00316145
11.057,8.24,-0.577,-0.58,8.238,11.053,0.00538487
10.999,8.25,-0.575,-0.58,8.248,10.993,0.0080619
10.922,8.247,-0.571,-0.58,8.238,10.913,0.0155883
10.858,8.252,-0.568,-0.57,8.248,10.853,0.0067074
10.8,8.262,-0.566,-0.57,8.258,10.793,0.00899985
10.727,8.259,-0.563,-0.57,8.258,10.723,0.0081238
10.661,8.262,-0.56,-0.57,8.258,10.653,0.0134165
10.613,8.252,-0.557,-0.56,8.248,10.603,0.0111796
10.55,8.256,-0.555,-0.56,8.248,10.543,0.0117469
10.483,8.257,-0.552,-0.56,8.248,10.473,0.0156519
10.416,8.258,-0.549,-0.55,8.258,10.413,0.00316252
10.357,8.264,-0.546,-0.55,8.258,10.353,0.00824576
10.298,8.271,-0.544,-0.55,8.268,10.293,0.00836641
10.235,8.273,-0.541,-0.55,8.268,10.233,0.0104877
10.185,8.259,-0.539,-0.54,8.258,10.183,0.00244917
10.128,8.266,-0.536,-0.54,8.258,10.123,0.0102466
10.069,8.271,-0.534,-0.54,8.268,10.063,0.00899951
10.003,8.269,-0.531,-0.54,8.268,10.003,0.00905533
9.956,8.283,-0.529,-0.53,8.278,9.953,0.00591631
9.891,8.282,-0.527,-0.53,8.278,9.883,0.00943335
9.861,8.309,-0.526,-0.53,8.308,9.853,0.0089994
9.781,8.295,-0.522,-0.53,8.288,9.773,0.0133037
9.728,8.277,-0.519,-0.52,8.268,9.723,0.0103435
9.67,8.28,-0.517,-0.52,8.278,9.663,0.00787393
9.603,8.276,-0.514,-0.52,8.268,9.593,0.0141413
9.562,8.293,-0.513,-0.52,8.288,9.553,0.0124498
9.515,8.304,-0.511,-0.52,8.298,9.513,0.0109997
9.436,8.288,-0.507,-0.51,8.278,9.433,0.0108628
9.386,8.297,-0.505,-0.51,8.288,9.383,0.0107235
9.343,8.285,-0.503,-0.51,8.278,9.343,0.00989945
9.22,8.28,-0.498,-0.5,8.278,9.213,0.00754977
9.177,8.294,-0.497,-0.5,8.288,9.173,0.00780976
9.123,8.297,-0.494,-0.5,8.288,9.113,0.014731
9.072,8.303,-0.492,-0.5,8.298,9.063,0.0130377
9.016,8.304,-0.49,-0.5,8.298,9.013,0.0120412
8.978,8.296,-0.488,-0.49,8.288,8.973,0.00964274
8.916,8.29,-0.485,-0.49,8.288,8.913,0.00616449
8.869,8.299,-0.484,-0.49,8.298,8.863,0.00854431
8.653,8.303,-0.475,-0.48,8.298,8.643,0.0122469
8.583,8.289,-0.472,-0.48,8.288,8.573,0.0128454
8.589,8.32,-0.473,-0.48,8.318,8.583,0.00943367
8.553,8.338,-0.472,-0.48,8.338,8.553,0.00799999
8.487,8.325,-0.469,-0.47,8.318,8.483,0.00812434
8.421,8.313,-0.466,-0.47,8.308,8.413,0.0102461
8.38,8.325,-0.465,-0.47,8.318,8.373,0.0110905
8.33,8.328,-0.463,-0.47,8.318,8.323,0.0140714
8.297,8.347,-0.463,-0.47,8.338,8.293,0.0120828
8.246,8.321,-0.459,-0.46,8.318,8.243,0.00435926
8.193,8.32,-0.457,-0.46,8.318,8.183,0.0106294
8.259,8.44,-0.465,-0.47,8.438,8.253,0.00806166
8.253,8.487,-0.466,-0.47,8.478,8.253,0.0098487
8.271,8.559,-0.47,-0.47,8.558,8.263,0.00806161
8.265,8.607,-0.472,-0.48,8.598,8.263,0.0122064
8.266,8.661,-0.474,-0.48,8.658,8.263,0.00734828
8.264,8.715,-0.476,-0.48,8.708,8.263,0.00812393
8.285,8.764,-0.479,-0.48,8.758,8.283,0.00640267
8.285,8.874,-0.484,-0.49,8.868,8.283,0.00871747
8.28,8.925,-0.485,-0.49,8.918,8.273,0.0110899
8.287,8.989,-0.488,-0.49,8.988,8.283,0.00458241
8.287,9.046,-0.491,-0.5,9.038,8.283,0.0126881
8.292,9.109,-0.494,-0.5,9.108,8.283,0.0108627
8.305,9.151,-0.496,-0.5,9.148,8.303,0.00538473
8.296,9.199,-0.498,-0.5,9.198,8.293,0.00374121
8.301,9.263,-0.5,-0.5,9.258,8.293,0.00943305
8.303,9.324,-0.503,-0.51,9.318,8.303,0.00921986
8.309,9.389,-0.506,-0.51,9.388,8.303,0.00727968
8.304,9.444,-0.508,-0.51,9.438,8.303,0.00640262
8.307,9.507,-0.511,-0.52,9.498,8.303,0.0133415
8.333,9.567,-0.514,-0.52,9.558,8.323,0.014731
8.323,9.616,-0.516,-0.52,9.608,8.313,0.0134161
8.323,9.676,-0.519,-0.52,9.668,8.313,0.0128443
8.326,9.742,-0.522,-0.53,9.738,8.323,0.0094339
8.324,9.801,-0.524,-0.53,9.798,8.323,0.00678207
8.279,9.811,-0.523,-0.53,9.808,8.273,0.00969485
11.034,8.235,-0.649,-0.65,8.228,11.033,0.00714052
11.006,8.269,-0.649,-0.65,8.268,11.003,0.00331583
10.955,8.284,-0.647,-0.65,8.278,10.953,0.00700039
10.908,8.303,-0.645,-0.65,8.298,10.903,0.00866038
10.844,8.308,-0.642,-0.65,8.298,10.843,0.0128446
10.781,8.314,-0.64,-0.64,8.308,10.773,0.00999928
10.719,8.319,-0.637,-0.64,8.318,10.713,0.00678199
10.647,8.317,-0.633,-0.64,8.308,10.643,0.0120828
10.603,8.309,-0.631,-0.64,8.308,10.593,0.0134902
10.536,8.31,-0.627,-0.63,8.308,10.533,0.00469053
10.471,8.312,-0.624,-0.63,8.308,10.463,0.0107698
10.406,8.314,-0.621,-0.63,8.308,10.403,0.0112248
10.35,8.323,-0.619,-0.62,8.318,10.343,0.00866029
10.291,8.329,-0.616,-0.62,8.328,10.283,0.00900038
10.233,8.334,-0.614,-0.62,8.328,10.223,0.0131141
10.182,8.32,-0.611,-0.62,8.318,10.173,0.012884
10.121,8.323,-0.608,-0.61,8.318,10.113,0.00964403
10.058,8.324,-0.605,-0.61,8.318,10.053,0.0092735
9.99,8.321,-0.602,-0.61,8.318,9.983,0.0110454
9.938,8.33,-0.6,-0.61,8.328,9.933,0.0113574
9.875,8.331,-0.597,-0.6,8.328,9.873,0.00469053
9.819,8.336,-0.594,-0.6,8.328,9.813,0.011662
9.765,8.316,-0.591,-0.6,8.308,9.763,0.0122062
9.717,8.329,-0.589,-0.59,8.328,9.713,0.00424246
9.656,8.329,-0.586,-0.59,8.328,9.653,0.00509921
9.608,8.34,-0.584,-0.59,8.338,9.603,0.00806169
9.538,8.332,-0.581,-0.59,8.328,9.533,0.0110453
9.485,8.338,-0.579,-0.58,8.338,9.483,0.00223593
9.436,8.348,-0.577,-0.58,8.338,9.433,0.0108619
9.392,8.334,-0.574,-0.58,8.328,9.383,0.012369
9.333,8.335,-0.571,-0.58,8.328,9.323,0.0151659
9.277,8.337,-0.569,-0.57,8.328,9.273,0.00989922
9.228,8.346,-0.567,-0.57,8.338,9.223,0.00989861
9.173,8.348,-0.565,-0.57,8.338,9.173,0.0111797
9.114,8.347,-0.562,-0.57,8.338,9.113,0.012083
9.066,8.355,-0.56,-0.57,8.348,9.063,0.0125691
9.029,8.348,-0.558,-0.56,8.338,9.023,0.0118313
8.977,8.352,-0.556,-0.56,8.348,8.973,0.00692787
8.917,8.348,-0.553,-0.56,8.338,8.913,0.0128446
8.869,8.356,-0.551,-0.56,8.348,8.863,0.0134535
8.818,8.36,-0.549,-0.55,8.358,8.813,0.0054764
8.769,8.366,-0.547,-0.55,8.358,8.763,0.0104403
8.717,8.368,-0.545,-0.55,8.358,8.713,0.0118744
8.692,8.371,-0.544,-0.55,8.368,8.683,0.0112249
8.623,8.356,-0.54,-0.55,8.348,8.613,0.0162479
8.482,8.272,-0.53,-0.53,8.268,8.473,0.00984858
8.495,8.336,-0.534,-0.54,8.328,8.493,0.0101983
8.443,8.338,-0.531,-0.54,8.338,8.433,0.0134531
8.414,8.361,-0.531,-0.54,8.358,8.413,0.00953942
8.389,8.389,-0.531,-0.54,8.388,8.383,0.0108625
8.328,8.38,-0.528,-0.53,8.378,8.323,0.0057446
8.302,8.38,-0.527,-0.53,8.378,8.293,0.00969515
8.256,8.386,-0.525,-0.53,8.378,8.253,0.00989881
8.22,8.402,-0.524,-0.53,8.398,8.213,0.0100497
8.202,8.436,-0.525,-0.53,8.428,8.193,0.0130379
8.169,8.456,-0.525,-0.53,8.448,8.163,0.0111804
8.146,8.485,-0.525,-0.53,8.478,8.143,0.00910945
8.163,8.557,-0.529,-0.53,8.548,8.153,0.0134908
8.195,8.617,-0.533,-0.54,8.608,8.193,0.0115757
8.174,8.65,-0.534,-0.54,8.648,8.173,0.00640273
8.177,8.708,-0.536,-0.54,8.698,8.173,0.0114892
8.181,8.767,-0.539,-0.54,8.758,8.173,0.0120825
8.17,8.811,-0.541,-0.55,8.808,8.163,0.0117896
8.174,8.872,-0.544,-0.55,8.868,8.173,0.00727986
8.18,8.934,-0.547,-0.55,8.928,8.173,0.00969508
8.194,8.978,-0.549,-0.55,8.968,8.193,0.0100988
8.209,9.051,-0.553,-0.56,9.048,8.203,0.0096949
8.224,9.126,-0.557,-0.56,9.118,8.223,0.00860262
8.225,9.184,-0.56,-0.57,9.178,8.223,0.0118319
8.241,9.261,-0.564,-0.57,9.258,8.233,0.0104404
8.241,9.32,-0.567,-0.57,9.318,8.233,0.00877528
8.248,9.388,-0.57,-0.57,9.378,8.243,0.0111797
8.282,9.456,-0.575,-0.58,9.448,8.273,0.0130379
8.289,9.525,-0.578,-0.58,9.518,8.283,0.00943297
8.284,9.579,-0.581,-0.59,9.578,8.283,0.00911053
8.294,9.652,-0.585,-0.59,9.648,8.293,0.00648047
8.275,9.692,-0.586,-0.59,9.688,8.273,0.00599941
8.278,9.758,-0.589,-0.59,9.758,8.273,0.00509819
8.29,9.834,-0.593,-0.6,9.828,8.283,0.0115756
8.293,9.901,-0.596,-0.6,9.898,8.283,0.0111804
8.294,9.934,-0.598,-0.6,9.928,8.293,0.00640264
11.07,8.277,-0.749,-0.75,8.268,11.063,0.0114448
10.998,8.277,-0.745,-0.75,8.268,10.993,0.0114454
10.935,8.283,-0.742,-0.75,8.278,10.933,0.00964369
10.874,8.264,-0.738,-0.74,8.258,10.873,0.00640264
10.809,8.268,-0.734,-0.74,8.258,10.803,0.0131141
10.749,8.277,-0.731,-0.74,8.268,10.743,0.014071
10.679,8.276,-0.727,-0.73,8.268,10.673,0.0104396
10.622,8.285,-0.725,-0.73,8.278,10.613,0.0124498
10.561,8.292,-0.722,-0.73,8.288,10.553,0.0119995
10.497,8.295,-0.718,-0.72,8.288,10.493,0.00830647
10.436,8.273,-0.714,-0.72,8.268,10.433,0.00836588
10.366,8.271,-0.71,-0.71,8.268,10.363,0.00424233
10.318,8.286,-0.708,-0.71,8.278,10.313,0.00964352
10.264,8.296,-0.706,-0.71,8.288,10.263,0.00899953
10.171,8.274,-0.7,-0.7,8.268,10.163,0.00999928
10.116,8.282,-0.697,-0.7,8.278,10.113,0.00583087
10.054,8.285,-0.694,-0.7,8.278,10.053,0.00927352
9.989,8.258,-0.69,-0.69,8.258,9.983,0.00600052
9.929,8.261,-0.687,-0.69,8.258,9.923,0.00734784
9.885,8.277,-0.685,-0.69,8.268,9.883,0.0104879
9.825,8.28,-0.682,-0.69,8.278,9.823,0.00848523
9.768,8.285,-0.679,-0.68,8.278,9.763,0.00865974
9.719,8.296,-0.677,-0.68,8.288,9.713,0.0104396
9.665,8.302,-0.674,-0.68,8.298,9.663,0.00748311
9.617,8.287,-0.671,-0.68,8.278,9.613,0.0133415
9.556,8.287,-0.668,-0.67,8.278,9.553,0.00969499
9.497,8.288,-0.665,-0.67,8.278,9.493,0.0118744
9.444,8.295,-0.663,-0.67,8.288,9.443,0.00994991
9.386,8.297,-0.66,-0.67,8.288,9.383,0.0137838
9.336,8.305,-0.658,-0.66,8.298,9.333,0.00787409
9.283,8.31,-0.655,-0.66,8.308,9.273,0.0113572
9.246,8.304,-0.653,-0.66,8.298,9.243,0.00969519
9.181,8.298,-0.649,-0.65,8.298,9.173,0.00806168
9.129,8.303,-0.647,-0.65,8.298,9.123,0.00836634
9.079,8.31,-0.645,-0.65,8.308,9.073,0.0080626
9.009,8.298,-0.641,-0.65,8.298,9.003,0.0108164
8.968,8.312,-0.639,-0.64,8.308,8.963,0.00648065
8.921,8.322,-0.637,-0.64,8.318,8.913,0.00943335
8.86,8.317,-0.634,-0.64,8.308,8.853,0.0128834
8.812,8.298,-0.631,-0.64,8.298,8.803,0.0127278
8.773,8.313,-0.629,-0.63,8.308,8.763,0.011224
8.706,8.302,-0.626,-0.63,8.298,8.703,0.00640307
8.661,8.312,-0.624,-0.63,8.308,8.653,0.0107705
8.615,8.32,-0.622,-0.63,8.318,8.613,0.00848523
8.559,8.317,-0.619,-0.62,8.308,8.553,0.0108624
8.508,8.321,-0.617,-0.62,8.318,8.503,0.00655765
8.481,8.32,-0.615,-0.62,8.318,8.473,0.00964314
8.419,8.312,-0.612,-0.62,8.308,8.413,0.01077
8.376,8.321,-0.61,-0.62,8.318,8.373,0.0108629
8.333,8.331,-0.609,-0.61,8.328,8.323,0.0104884
8.274,8.324,-0.605,-0.61,8.318,8.273,0.00787433
8.228,8.33,-0.604,-0.61,8.328,8.223,0.00806173
8.185,8.339,-0.602,-0.61,8.338,8.183,0.00830654
8.15,8.329,-0.6,-0.61,8.328,8.143,0.0122469
8.129,8.36,-0.6,-0.61,8.358,8.123,0.0118319
8.1,8.383,-0.6,-0.61,8.378,8.093,0.0131909
8.052,8.386,-0.598,-0.6,8.378,8.043,0.0122061
8.016,8.401,-0.597,-0.6,8.398,8.013,0.00519536
7.975,8.411,-0.595,-0.6,8.408,7.973,0.00616449
7.923,8.409,-0.593,-0.6,8.408,7.913,0.0122473
7.914,8.426,-0.593,-0.6,8.418,7.913,0.0106767
7.885,8.448,-0.593,-0.6,8.438,7.883,0.0123687
7.846,8.459,-0.592,-0.6,8.458,7.843,0.0086022
7.819,8.484,-0.592,-0.6,8.478,7.813,0.0116615
7.786,8.501,-0.591,-0.6,8.498,7.783,0.00994975
7.747,8.512,-0.59,-0.59,8.508,7.743,0.00565678
7.721,8.538,-0.59,-0.59,8.528,7.713,0.0128064
7.649,8.512,-0.585,-0.59,8.508,7.643,0.00877486
7.669,8.561,-0.589,-0.59,8.558,7.663,0.00678206
7.71,8.661,-0.596,-0.6,8.658,7.703,0.00860239
7.72,8.727,-0.6,-0.61,8.718,7.713,0.0151654
7.699,8.758,-0.6,-0.61,8.758,7.693,0.0116617
7.677,8.789,-0.601,-0.61,8.788,7.673,0.00989933
7.637,8.799,-0.6,-0.61,8.798,7.633,0.0108165
7.623,8.838,-0.601,-0.61,8.838,7.613,0.0134534
7.653,8.901,-0.606,-0.61,8.898,7.643,0.0111799
7.659,8.965,-0.609,-0.61,8.958,7.653,0.00927331
7.686,9.054,-0.615,-0.62,9.048,7.683,0.00836621
7.698,9.125,-0.619,-0.62,9.118,7.693,0.00866002
7.699,9.185,-0.622,-0.63,9.178,7.693,0.0122063
7.704,9.25,-0.626,-0.63,9.248,7.703,0.0045825
7.705,9.31,-0.629,-0.63,9.308,7.703,0.0029998
7.719,9.357,-0.632,-0.64,9.348,7.713,0.0134533
7.727,9.426,-0.636,-0.64,9.418,7.723,0.00979756
7.771,9.541,-0.645,-0.65,9.538,7.763,0.0098991
7.831,9.675,-0.654,-0.66,9.668,7.823,0.0122062
7.742,9.69,-0.651,-0.66,9.688,7.733,0.0128838
11.149,8.32,-0.824,-0.83,8.318,11.143,0.00871745
11.07,8.315,-0.819,-0.82,8.308,11.063,0.00994849
11.012,8.326,-0.816,-0.82,8.318,11.003,0.0126887
10.939,8.324,-0.811,-0.82,8.318,10.933,0.0123694
10.897,8.32,-0.809,-0.81,8.318,10.893,0.00458226
10.822,8.316,-0.804,-0.81,8.308,10.813,0.0134525
10.744,8.31,-0.799,-0.8,8.308,10.743,0.00244953
10.675,8.31,-0.795,-0.8,8.308,10.673,0.00574446
10.614,8.317,-0.792,-0.8,8.308,10.613,0.012083
10.544,8.315,-0.788,-0.79,8.308,10.543,0.00734747
10.49,8.326,-0.785,-0.79,8.318,10.483,0.0117476
10.444,8.316,-0.782,-0.79,8.308,10.443,0.0113575
10.384,8.321,-0.779,-0.78,8.318,10.383,0.00331669
10.33,8.331,-0.776,-0.78,8.328,10.323,0.00860237
10.265,8.332,-0.773,-0.78,8.328,10.263,0.00830665
10.214,8.344,-0.77,-0.77,8.338,10.213,0.00608224
10.137,8.334,-0.765,-0.77,8.328,10.133,0.00877453
10.091,8.35,-0.764,-0.77,8.348,10.083,0.0101975
10.036,8.331,-0.76,-0.76,8.328,10.033,0.00424301
9.99,8.346,-0.758,-0.76,8.338,9.983,0.0108162
9.92,8.34,-0.753,-0.76,8.338,9.913,0.0100994
9.88,8.359,-0.752,-0.76,8.358,9.873,0.0106771
9.807,8.35,-0.748,-0.75,8.348,9.803,0.00489867
9.749,8.354,-0.744,-0.75,8.348,9.743,0.0103918
9.682,8.349,-0.74,-0.75,8.348,9.673,0.0134906
9.61,8.34,-0.736,-0.74,8.338,9.603,0.00830576
9.578,8.338,-0.734,-0.74,8.338,9.573,0.00781031
9.511,8.333,-0.73,-0.74,8.328,9.503,0.0137474
9.44,8.323,-0.726,-0.73,8.318,9.433,0.00948617
9.39,8.331,-0.723,-0.73,8.328,9.383,0.0103442
9.297,8.354,-0.719,-0.72,8.348,9.293,0.0072796
9.215,8.359,-0.715,-0.72,8.358,9.213,0.0054773
9.171,8.371,-0.713,-0.72,8.368,9.163,0.011045
9.091,8.35,-0.708,-0.71,8.348,9.083,0.00848469
9.041,8.357,-0.706,-0.71,8.348,9.033,0.0126887
8.984,8.357,-0.703,-0.71,8.348,8.983,0.0114454
8.926,8.355,-0.699,-0.7,8.348,8.923,0.00767998
8.885,8.369,-0.698,-0.7,8.368,8.883,0.00300002
8.841,8.354,-0.695,-0.7,8.348,8.833,0.0111797
8.786,8.354,-0.692,-0.7,8.348,8.783,0.0104401
8.747,8.37,-0.691,-0.7,8.368,8.743,0.0100497
8.701,8.378,-0.688,-0.69,8.378,8.693,0.00824657
8.636,8.367,-0.684,-0.69,8.358,8.633,0.0112246
8.606,8.392,-0.684,-0.69,8.388,8.603,0.00780982
8.537,8.377,-0.68,-0.69,8.368,8.533,0.0140355
8.516,8.382,-0.679,-0.68,8.378,8.513,0.00509838
8.457,8.376,-0.676,-0.68,8.368,8.453,0.00979815
8.398,8.37,-0.672,-0.68,8.368,8.393,0.0096432
8.349,8.374,-0.67,-0.68,8.368,8.343,0.0131145
8.319,8.396,-0.669,-0.67,8.388,8.313,0.0100492
8.252,8.38,-0.665,-0.67,8.378,8.243,0.0104879
8.224,8.405,-0.665,-0.67,8.398,8.223,0.00865939
8.164,8.396,-0.661,-0.67,8.388,8.163,0.0120826
8.13,8.388,-0.659,-0.66,8.378,8.123,0.0122468
8.086,8.394,-0.657,-0.66,8.388,8.083,0.00734823
8.046,8.405,-0.656,-0.66,8.398,8.043,0.00860129
7.989,8.399,-0.653,-0.66,8.398,7.983,0.0092733
7.955,8.415,-0.652,-0.66,8.408,7.953,0.0108166
7.899,8.409,-0.649,-0.65,8.408,7.893,0.00616452
7.864,8.424,-0.648,-0.65,8.418,7.863,0.00640262
7.868,8.455,-0.649,-0.65,8.448,7.863,0.00866002
7.88,8.522,-0.654,-0.66,8.518,7.873,0.0100498
7.844,8.537,-0.653,-0.66,8.528,7.843,0.0114454
7.796,8.538,-0.65,-0.65,8.528,7.793,0.0104405
7.765,8.558,-0.65,-0.65,8.548,7.763,0.0101972
7.723,8.566,-0.648,-0.65,8.558,7.713,0.0129609
7.682,8.574,-0.647,-0.65,8.568,7.673,0.0112251
7.662,8.578,-0.646,-0.65,8.568,7.653,0.0140357
7.634,8.601,-0.646,-0.65,8.598,7.633,0.00509846
7.593,8.61,-0.644,-0.65,8.608,7.583,0.0118319
7.564,8.631,-0.644,-0.65,8.628,7.563,0.006782
7.53,8.647,-0.643,-0.65,8.638,7.523,0.0133789
7.499,8.666,-0.643,-0.65,8.658,7.493,0.0122068
7.477,8.695,-0.643,-0.65,8.688,7.473,0.0106765
7.466,8.739,-0.645,-0.65,8.738,7.463,0.00591603
7.492,8.798,-0.65,-0.65,8.798,7.483,0.00899982
7.481,8.841,-0.652,-0.66,8.838,7.473,0.0117045
7.474,8.889,-0.654,-0.66,8.888,7.473,0.00616435
7.447,8.914,-0.654,-0.66,8.908,7.443,0.00938046
7.404,8.919,-0.653,-0.66,8.918,7.403,0.0071413
7.375,8.94,-0.652,-0.66,8.938,7.373,0.008485
7.373,8.996,-0.656,-0.66,8.988,7.363,0.0134164
7.389,9.045,-0.659,-0.66,9.038,7.383,0.00927332
7.405,9.122,-0.664,-0.67,9.118,7.403,0.00748315
7.401,9.176,-0.667,-0.67,9.168,7.393,0.0117042
7.417,9.256,-0.672,-0.68,9.248,7.413,0.0119995
7.41,9.307,-0.675,-0.68,9.298,7.403,0.0124495
7.433,9.396,-0.681,-0.69,9.388,7.423,0.015652
7.447,9.476,-0.687,-0.69,9.468,7.443,0.00943337
7.537,9.654,-0.701,-0.71,9.648,7.533,0.0115322
11.157,8.253,-0.912,-0.92,8.248,11.153,0.0102469
11.086,8.255,-0.908,-0.91,8.248,11.083,0.00787409
11.019,8.259,-0.904,-0.91,8.258,11.013,0.00854433
10.95,8.261,-0.899,-0.9,8.258,10.943,0.00768084
10.884,8.266,-0.895,-0.9,8.258,10.883,0.00948628
10.815,8.267,-0.891,-0.9,8.258,10.813,0.0128838
10.893,8.381,-0.902,-0.91,8.378,10.883,0.0131522
11.051,8.529,-0.919,-0.92,8.528,11.043,0.00812352
11.035,8.573,-0.92,-0.93,8.568,11.033,0.0113578
10.958,8.568,-0.915,-0.92,8.558,10.953,0.0122469
10.91,8.586,-0.913,-0.92,8.578,10.903,0.0127282
10.836,8.584,-0.908,-0.91,8.578,10.833,0.00699975
10.772,8.588,-0.904,-0.91,8.588,10.763,0.0108173
10.712,8.595,-0.901,-0.91,8.588,10.703,0.0145257
10.632,8.587,-0.895,-0.9,8.578,10.623,0.0136746
10.566,8.561,-0.89,-0.89,8.558,10.563,0.00424166
10.149,8.277,-0.85,-0.86,8.268,10.143,0.0147306
10.085,8.277,-0.846,-0.85,8.268,10.083,0.0100497
10.028,8.284,-0.842,-0.85,8.278,10.023,0.0111803
9.972,8.291,-0.839,-0.84,8.288,9.963,0.00953931
9.899,8.283,-0.834,-0.84,8.278,9.893,0.00984864
9.844,8.29,-0.831,-0.84,8.288,9.843,0.00927353
9.808,8.286,-0.829,-0.83,8.278,9.803,0.00948671
9.744,8.284,-0.825,-0.83,8.278,9.743,0.00787445
9.686,8.288,-0.822,-0.83,8.278,9.683,0.0131529
9.639,8.3,-0.819,-0.82,8.298,9.633,0.00640267
9.569,8.292,-0.815,-0.82,8.288,9.563,0.00877453
9.52,8.303,-0.812,-0.82,8.298,9.513,0.0117474
9.452,8.296,-0.808,-0.81,8.288,9.443,0.012206
9.421,8.295,-0.806,-0.81,8.288,9.413,0.0113574
9.354,8.289,-0.802,-0.81,8.288,9.353,0.00812392
9.307,8.3,-0.799,-0.8,8.298,9.303,0.00458226
9.247,8.298,-0.796,-0.8,8.298,9.243,0.00565665
9.191,8.301,-0.792,-0.8,8.298,9.183,0.0117041
9.142,8.308,-0.79,-0.8,8.298,9.133,0.0167625
9.077,8.302,-0.786,-0.79,8.298,9.073,0.00692787
9.043,8.297,-0.783,-0.79,8.288,9.033,0.0151658
8.995,8.305,-0.781,-0.79,8.298,8.993,0.0115758
8.925,8.293,-0.776,-0.78,8.288,8.923,0.00670822
8.892,8.314,-0.775,-0.78,8.308,8.883,0.011916
8.838,8.316,-0.772,-0.78,8.308,8.833,0.012369
8.781,8.315,-0.769,-0.77,8.308,8.773,0.010676
8.677,8.269,-0.76,-0.76,8.268,8.673,0.00412269
8.664,8.308,-0.762,-0.77,8.298,8.663,0.0128446
8.606,8.279,-0.757,-0.76,8.278,8.603,0.00435849
8.559,8.285,-0.755,-0.76,8.278,8.553,0.0104878
8.514,8.294,-0.752,-0.76,8.288,8.513,0.0100496
8.46,8.293,-0.749,-0.75,8.288,8.453,0.00866029
8.415,8.301,-0.747,-0.75,8.298,8.413,0.00468992
8.368,8.307,-0.745,-0.75,8.298,8.363,0.0114454
8.329,8.32,-0.743,-0.75,8.318,8.323,0.0094343
8.297,8.315,-0.741,-0.75,8.308,8.293,0.0120824
8.242,8.312,-0.738,-0.74,8.308,8.233,0.0100496
8.19,8.312,-0.735,-0.74,8.308,8.183,0.00948598
8.147,8.321,-0.733,-0.74,8.318,8.143,0.0086023
8.096,8.32,-0.73,-0.74,8.318,8.093,0.0106299
8.05,8.326,-0.728,-0.73,8.318,8.043,0.0108169
8.006,8.332,-0.726,-0.73,8.328,8.003,0.00640262
7.974,8.325,-0.724,-0.73,8.318,7.973,0.00927361
7.931,8.333,-0.722,-0.73,8.328,7.923,0.0123693
7.883,8.334,-0.719,-0.72,8.328,7.873,0.0117043
7.844,8.346,-0.718,-0.72,8.338,7.843,0.00830601
7.796,8.347,-0.715,-0.72,8.338,7.793,0.0107236
7.758,8.359,-0.714,-0.72,8.358,7.753,0.00787386
7.708,8.358,-0.711,-0.72,8.348,7.703,0.0143522
7.66,8.359,-0.708,-0.71,8.358,7.653,0.00734803
7.641,8.364,-0.708,-0.71,8.358,7.633,0.0101979
7.594,8.365,-0.705,-0.71,8.358,7.593,0.00866016
7.55,8.37,-0.703,-0.71,8.368,7.543,0.0100994
7.512,8.38,-0.702,-0.71,8.378,7.503,0.0122064
7.468,8.385,-0.7,-0.7,8.378,7.463,0.00860209
7.439,8.405,-0.699,-0.7,8.398,7.433,0.0092729
7.437,8.455,-0.702,-0.71,8.448,7.433,0.0113577
7.444,8.491,-0.705,-0.71,8.488,7.443,0.00591611
7.449,8.55,-0.709,-0.71,8.548,7.443,0.00640267
7.432,8.584,-0.71,-0.71,8.578,7.423,0.0108163
7.393,8.594,-0.708,-0.71,8.588,7.383,0.0118317
7.238,8.469,-0.693,-0.7,8.468,7.233,0.00865996
7.198,8.475,-0.691,-0.7,8.468,7.193,0.0124497
7.168,8.494,-0.691,-0.7,8.488,7.163,0.0119167
7.246,8.64,-0.703,-0.71,8.638,7.243,0.00787386
7.228,8.647,-0.703,-0.71,8.638,7.223,0.0124498
7.207,8.677,-0.704,-0.71,8.668,7.203,0.0115323
7.18,8.7,-0.704,-0.71,8.698,7.173,0.00943356
7.139,8.706,-0.702,-0.71,8.698,7.133,0.0128063
7.127,8.747,-0.704,-0.71,8.738,7.123,0.0115323
7.098,8.767,-0.704,-0.71,8.758,7.093,0.0119161
7.105,8.833,-0.708,-0.71,8.828,7.103,0.0057446
7.121,8.881,-0.712,-0.72,8.878,7.113,0.0117041
7.095,8.905,-0.712,-0.72,8.898,7.093,0.0108159
7.089,8.956,-0.715,-0.72,8.948,7.083,0.0111807
7.086,9.009,-0.718,-0.72,9.008,7.083,0.00374135
7.088,9.071,-0.722,-0.73,9.068,7.083,0.0098994
7.084,9.124,-0.726,-0.73,9.118,7.083,0.00727975
7.086,9.186,-0.73,-0.74,9.178,7.083,0.0131525
7.107,9.243,-0.734,-0.74,9.238,7.103,0.00877488
7.109,9.306,-0.738,-0.74,9.298,7.103,0.0101976
7.111,9.37,-0.743,-0.75,9.368,7.103,0.0108166
7.148,9.479,-0.751,-0.76,9.478,7.143,0.0103439
11.116,8.287,-0.991,-1,8.278,11.113,0.0130766
11.045,8.261,-0.985,-0.99,8.258,11.043,0.00616403
10.983,8.268,-0.981,-0.99,8.258,10.973,0.0167622
10.911,8.268,-0.976,-0.98,8.258,10.903,0.0134161
10.877,8.296,-0.975,-0.98,8.288,10.873,0.0102464
10.969,8.421,-0.988,-0.99,8.418,10.963,0.00699934
10.974,8.48,-0.991,-1,8.478,10.973,0.00927333
10.96,8.524,-0.993,-1,8.518,10.953,0.0115756
11.019,8.598,-1,-1,8.588,11.013,0.0116615
11.042,8.672,-1.006,-1.01,8.668,11.033,0.0106299
10.922,8.634,-0.996,-1,8.628,10.913,0.0115322
10.834,8.619,-0.989,-0.99,8.618,10.833,0.00173196
10.767,8.621,-0.985,-0.99,8.618,10.763,0.00707155
10.675,8.602,-0.977,-0.98,8.598,10.673,0.00538491
10.589,8.588,-0.971,-0.98,8.588,10.583,0.0108164
10.512,8.553,-0.964,-0.97,8.548,10.503,0.0119163
10.103,8.272,-0.921,-0.93,8.268,10.093,0.0140351
10.042,8.274,-0.918,-0.92,8.268,10.033,0.0109996
9.991,8.286,-0.915,-0.92,8.278,9.983,0.0123698
9.929,8.286,-0.911,-0.92,8.278,9.923,0.0134537
9.868,8.288,-0.907,-0.91,8.278,9.863,0.0115761
9.817,8.298,-0.904,-0.91,8.298,9.813,0.00721098
9.769,8.284,-0.9,-0.9,8.278,9.763,0.00848534
9.724,8.298,-0.898,-0.9,8.298,9.723,0.0022358
9.661,8.297,-0.894,-0.9,8.288,9.653,0.0134537
9.602,8.298,-0.89,-0.89,8.298,9.593,0.00899982
9.555,8.31,-0.888,-0.89,8.308,9.553,0.00346392
9.488,8.305,-0.883,-0.89,8.298,9.483,0.0110905
9.434,8.309,-0.88,-0.88,8.308,9.433,0.00141344
9.373,8.308,-0.876,-0.88,8.298,9.363,0.0146966
9.331,8.297,-0.872,-0.88,8.288,9.323,0.0144569
9.275,8.299,-0.869,-0.87,8.298,9.273,0.00244836
9.215,8.298,-0.865,-0.87,8.298,9.213,0.00538511
9.165,8.305,-0.862,-0.87,8.298,9.163,0.0108166
9.118,8.315,-0.86,-0.87,8.308,9.113,0.0131904
9.061,8.315,-0.856,-0.86,8.308,9.053,0.0113568
9.005,8.315,-0.853,-0.86,8.308,9.003,0.0100988
8.973,8.312,-0.85,-0.86,8.308,8.963,0.0146964
8.914,8.31,-0.847,-0.85,8.308,8.913,0.00374145
8.874,8.324,-0.845,-0.85,8.318,8.873,0.00787433
8.813,8.319,-0.841,-0.85,8.318,8.803,0.0134902
8.761,8.322,-0.838,-0.84,8.318,8.753,0.00916451
8.706,8.322,-0.834,-0.84,8.318,8.703,0.00781019
8.66,8.33,-0.832,-0.84,8.328,8.653,0.0108166
8.615,8.313,-0.828,-0.83,8.308,8.613,0.00574377
8.569,8.32,-0.826,-0.83,8.318,8.563,0.00748293
8.523,8.328,-0.823,-0.83,8.318,8.513,0.0157794
8.472,8.331,-0.82,-0.82,8.328,8.463,0.00948675
8.424,8.335,-0.818,-0.82,8.328,8.423,0.00734836
8.366,8.33,-0.814,-0.82,8.328,8.363,0.00700005
8.32,8.337,-0.811,-0.82,8.328,8.313,0.0145253
8.27,8.339,-0.809,-0.81,8.338,8.263,0.00714132
8.228,8.322,-0.805,-0.81,8.318,8.223,0.00812338
8.181,8.326,-0.802,-0.81,8.318,8.173,0.0138563
8.13,8.326,-0.799,-0.8,8.318,8.123,0.0106773
8.08,8.327,-0.796,-0.8,8.318,8.073,0.0120829
8.028,8.325,-0.793,-0.8,8.318,8.023,0.0110902
7.931,8.277,-0.784,-0.79,8.268,7.923,0.0134535
7.919,8.316,-0.786,-0.79,8.308,7.913,0.0107699
7.878,8.3,-0.783,-0.79,8.298,7.873,0.00883155
7.829,8.3,-0.78,-0.78,8.298,7.823,0.0063241
7.781,8.301,-0.777,-0.78,8.298,7.773,0.00905505
7.747,8.317,-0.776,-0.78,8.308,7.743,0.01063
7.698,8.316,-0.773,-0.78,8.308,7.693,0.0117468
7.673,8.342,-0.773,-0.78,8.338,7.663,0.0128449
7.624,8.341,-0.77,-0.77,8.338,7.623,0.0031616
7.587,8.353,-0.769,-0.77,8.348,7.583,0.00647991
7.563,8.353,-0.768,-0.77,8.348,7.553,0.0113572
7.524,8.362,-0.766,-0.77,8.358,7.523,0.00574502
7.485,8.372,-0.764,-0.77,8.368,7.483,0.00748311
7.446,8.381,-0.763,-0.77,8.378,7.443,0.00818499
7.408,8.39,-0.761,-0.77,8.388,7.403,0.0104879
7.363,8.393,-0.759,-0.76,8.388,7.353,0.0112244
7.321,8.398,-0.757,-0.76,8.388,7.313,0.0131523
7.293,8.393,-0.755,-0.76,8.388,7.283,0.0122469
7.255,8.402,-0.753,-0.76,8.398,7.253,0.00830642
7.211,8.403,-0.751,-0.76,8.398,7.203,0.013038
7.175,8.415,-0.75,-0.75,8.408,7.173,0.00728004
7.13,8.415,-0.747,-0.75,8.408,7.123,0.010344
7.108,8.443,-0.748,-0.75,8.438,7.103,0.00734764
7.096,8.483,-0.75,-0.75,8.478,7.093,0.00583012
7.107,8.523,-0.753,-0.76,8.518,7.103,0.00948625
7.108,8.579,-0.757,-0.76,8.578,7.103,0.00591582
7.101,8.626,-0.759,-0.76,8.618,7.093,0.0113577
7.109,8.691,-0.764,-0.77,8.688,7.103,0.00899978
7.074,8.704,-0.763,-0.77,8.698,7.073,0.00927387
7.045,8.725,-0.763,-0.77,8.718,7.043,0.0100994
7.048,8.785,-0.767,-0.77,8.778,7.043,0.0091102
7.053,8.819,-0.77,-0.77,8.818,7.043,0.0100497
7.051,8.874,-0.773,-0.78,8.868,7.043,0.0122063
7.05,8.93,-0.777,-0.78,8.928,7.043,0.00787393
7.055,8.995,-0.782,-0.79,8.988,7.053,0.0108165
7.056,9.055,-0.786,-0.79,9.048,7.053,0.00860223
7.051,9.107,-0.789,-0.79,9.098,7.043,0.0120829
7.052,9.169,-0.793,-0.8,9.168,7.043,0.0114454
7.063,9.213,-0.797,-0.8,9.208,7.053,0.0115757
7.062,9.272,-0.801,-0.81,9.268,7.053,0.0133411
7.064,9.335,-0.805,-0.81,9.328,7.063,0.00866022
7.068,9.402,-0.81,-0.82,9.398,7.063,0.0118741
7.067,9.463,-0.814,-0.82,9.458,7.063,0.00877488
7.07,9.53,-0.819,-0.82,9.528,7.063,0.0073484
7.075,9.598,-0.824,-0.83,9.588,7.073,0.0118314
7.17,9.793,-0.842,-0.85,9.788,7.163,0.0117474
11.237,8.304,-1.083,-1.09,8.298,11.233,0.0100499
11.228,8.352,-1.085,-1.09,8.348,11.223,0.00812338
11.149,8.348,-1.079,-1.08,8.338,11.143,0.0117039
11.037,8.318,-1.069,-1.07,8.308,11.033,0.0108159
10.946,8.277,-1.06,-1.06,8.268,10.943,0.00948675
10.932,8.321,-1.062,-1.07,8.318,10.923,0.0124096
10.935,8.377,-1.065,-1.07,8.368,10.933,0.0104879
10.919,8.42,-1.066,-1.07,8.418,10.913,0.00748296
10.909,8.466,-1.068,-1.07,8.458,10.903,0.0101979
10.758,8.404,-1.054,-1.06,8.398,10.753,0.0098486
10.498,8.255,-1.026,-1.03,8.248,10.493,0.00948685
10.446,8.24,-1.022,-1.03,8.238,10.443,0.00877503
10.407,8.263,-1.02,-1.02,8.258,10.403,0.00640229
10.334,8.259,-1.015,-1.02,8.258,10.333,0.00519594
10.339,8.316,-1.019,-1.02,8.308,10.333,0.0100491
10.344,8.373,-1.022,-1.03,8.368,10.343,0.00948685
10.429,8.496,-1.035,-1.04,8.488,10.423,0.0111804
10.077,8.263,-0.997,-1,8.258,10.073,0.00707032
10.013,8.263,-0.992,-1,8.258,10.003,0.0137469
9.966,8.251,-0.988,-0.99,8.248,9.963,0.00469015
9.9,8.249,-0.983,-0.99,8.248,9.893,0.00994915
9.842,8.254,-0.98,-0.99,8.248,9.833,0.0147306
9.778,8.252,-0.975,-0.98,8.248,9.773,0.00812338
9.721,8.257,-0.971,-0.98,8.248,9.713,0.0150329
9.662,8.259,-0.967,-0.97,8.258,9.653,0.00953918
9.603,8.261,-0.963,-0.97,8.258,9.593,0.0125691
9.563,8.253,-0.96,-0.96,8.248,9.553,0.0111797
9.507,8.257,-0.956,-0.96,8.248,9.503,0.0106299
9.444,8.255,-0.952,-0.96,8.248,9.443,0.0106771
9.389,8.259,-0.948,-0.95,8.258,9.383,0.00640262
9.336,8.264,-0.945,-0.95,8.258,9.333,0.00836638
9.28,8.267,-0.941,-0.95,8.258,9.273,0.0145253
9.22,8.266,-0.937,-0.94,8.258,9.213,0.0110449
9.181,8.258,-0.934,-0.94,8.258,9.173,0.00999953
9.129,8.263,-0.931,-0.94,8.258,9.123,0.0119158
9.079,8.27,-0.928,-0.93,8.268,9.073,0.00663369
9.019,8.267,-0.924,-0.93,8.258,9.013,0.012369
8.967,8.271,-0.92,-0.93,8.268,8.963,0.01118
8.922,8.282,-0.918,-0.92,8.278,8.913,0.0100496
8.862,8.279,-0.914,-0.92,8.278,8.853,0.0108627
8.814,8.286,-0.911,-0.92,8.278,8.813,0.0120833
8.769,8.27,-0.907,-0.91,8.268,8.763,0.00699959
8.725,8.28,-0.905,-0.91,8.278,8.723,0.00574451
8.655,8.266,-0.899,-0.9,8.258,8.653,0.00830603
8.608,8.272,-0.896,-0.9,8.268,8.603,0.0075491
8.572,8.29,-0.895,-0.9,8.288,8.563,0.0104871
8.517,8.289,-0.891,-0.9,8.288,8.513,0.00989933
8.472,8.298,-0.889,-0.89,8.298,8.463,0.00905521
8.431,8.283,-0.885,-0.89,8.278,8.423,0.0106767
8.313,8.271,-0.877,-0.88,8.268,8.303,0.0108619
8.273,8.283,-0.875,-0.88,8.278,8.263,0.0122469
8.219,8.281,-0.871,-0.88,8.278,8.213,0.0112248
8.171,8.284,-0.869,-0.87,8.278,8.163,0.0100497
8.119,8.284,-0.865,-0.87,8.278,8.113,0.00984949
8.081,8.297,-0.864,-0.87,8.288,8.073,0.0134537
8.037,8.278,-0.86,-0.87,8.268,8.033,0.0146964
7.986,8.278,-0.856,-0.86,8.268,7.983,0.0111796
7.949,8.291,-0.855,-0.86,8.288,7.943,0.00836638
7.891,8.335,-0.854,-0.86,8.328,7.883,0.0122062
7.843,8.337,-0.851,-0.86,8.328,7.833,0.0161862
7.758,8.299,-0.843,-0.85,8.298,7.753,0.00866
7.715,8.279,-0.839,-0.84,8.278,7.713,0.00244953
7.634,8.295,-0.835,-0.84,8.288,7.633,0.00866016
7.579,8.289,-0.831,-0.84,8.288,7.573,0.0108625
7.545,8.304,-0.83,-0.83,8.298,7.543,0.0063241
7.481,8.286,-0.825,-0.83,8.278,7.473,0.0123695
7.459,8.314,-0.826,-0.83,8.308,7.453,0.00938058
7.41,8.286,-0.821,-0.83,8.278,7.403,0.0139284
7.186,8.294,-0.808,-0.81,8.288,7.183,0.00699953
7.155,8.311,-0.807,-0.81,8.308,7.153,0.00468992
7.116,8.344,-0.807,-0.81,8.338,7.113,0.00734803
7.083,8.359,-0.806,-0.81,8.358,7.073,0.0108165
7.066,8.392,-0.807,-0.81,8.388,7.063,0.00583065
7.043,8.419,-0.808,-0.81,8.418,7.033,0.0102467
7.049,8.479,-0.813,-0.82,8.478,7.043,0.00927326
7.041,8.524,-0.815,-0.82,8.518,7.033,0.0111797
7.057,8.57,-0.819,-0.82,8.568,7.053,0.00458226
7.055,8.623,-0.823,-0.83,8.618,7.053,0.00883166
7.027,8.644,-0.823,-0.83,8.638,7.023,0.0100495
7.007,8.675,-0.824,-0.83,8.668,7.003,0.0100497
7.004,8.727,-0.828,-0.83,8.718,7.003,0.00927343
7.036,8.823,-0.836,-0.84,8.818,7.033,0.00707082
7.058,8.908,-0.844,-0.85,8.898,7.053,0.0126879
7.056,8.963,-0.847,-0.85,8.958,7.053,0.00655744
7.086,9.03,-0.854,-0.86,9.028,7.083,0.0069999
7.086,9.088,-0.858,-0.86,9.088,7.083,0.00360539
7.023,9.066,-0.853,-0.86,9.058,7.013,0.0145937
7.006,9.103,-0.855,-0.86,9.098,7.003,0.00768051
7.064,9.238,-0.868,-0.87,9.228,7.063,0.0102462
7.097,9.341,-0.877,-0.88,9.338,7.093,0.00583041
7.093,9.397,-0.881,-0.89,9.388,7.083,0.0161862
7.065,9.39,-0.879,-0.88,9.388,7.063,0.0029998
7.029,9.405,-0.878,-0.88,9.398,7.023,0.00943297
7.057,9.503,-0.887,-0.89,9.498,7.053,0.00707097
7.032,9.532,-0.888,-0.89,9.528,7.023,0.0100496
7.087,9.669,-0.901,-0.91,9.668,7.083,0.00989933
7.099,9.749,-0.908,-0.91,9.748,7.093,0.00640264
7.122,9.846,-0.916,-0.92,9.838,7.113,0.0126881
11.164,8.278,-1.165,-1.17,8.268,11.163,0.0112243
11.169,8.337,-1.169,-1.17,8.328,11.163,0.0108624
11.165,8.389,-1.171,-1.18,8.388,11.163,0.00927347
10.974,8.299,-1.151,-1.16,8.298,10.973,0.00911026
10.942,8.328,-1.15,-1.15,8.318,10.933,0.0134537
10.953,8.392,-1.155,-1.16,8.388,10.943,0.0118744
10.957,8.422,-1.157,-1.16,8.418,10.953,0.00640277
10.678,8.26,-1.126,-1.13,8.258,10.673,0.00670822
10.578,8.236,-1.117,-1.12,8.228,10.573,0.00989909
10.516,8.241,-1.112,-1.12,8.238,10.513,0.00905557
10.448,8.241,-1.107,-1.11,8.238,10.443,0.00655765
10.336,8.257,-1.099,-1.1,8.248,10.333,0.00953931
10.271,8.259,-1.094,-1.1,8.258,10.263,0.0100501
10.224,8.247,-1.09,-1.1,8.238,10.223,0.0134906
10.189,8.272,-1.089,-1.09,8.268,10.183,0.0072796
10.163,8.304,-1.089,-1.09,8.298,10.153,0.0117047
9.986,8.264,-1.073,-1.08,8.258,9.983,0.00969523
9.93,8.27,-1.069,-1.07,8.268,9.923,0.00734841
9.87,8.273,-1.065,-1.07,8.268,9.863,0.00994943
9.83,8.266,-1.061,-1.07,8.258,9.823,0.0139281
9.755,8.255,-1.055,-1.06,8.248,9.753,0.0088317
9.707,8.266,-1.052,-1.06,8.258,9.703,0.0119994
9.65,8.271,-1.048,-1.05,8.268,9.643,0.00787286
9.584,8.266,-1.043,-1.05,8.258,9.583,0.0106766
9.535,8.276,-1.04,-1.04,8.268,9.533,0.00824561
9.478,8.279,-1.036,-1.04,8.278,9.473,0.00648012
9.435,8.267,-1.032,-1.04,8.258,9.433,0.0122064
9.382,8.273,-1.028,-1.03,8.268,9.373,0.0104875
9.325,8.275,-1.024,-1.03,8.268,9.323,0.00943317
9.266,8.275,-1.02,-1.02,8.268,9.263,0.00761459
9.224,8.289,-1.018,-1.02,8.288,9.223,0.00244902
9.152,8.277,-1.012,-1.02,8.268,9.143,0.0150331
9.097,8.278,-1.008,-1.01,8.268,9.093,0.0109537
9.059,8.27,-1.004,-1.01,8.268,9.053,0.00871749
9.015,8.282,-1.002,-1.01,8.278,9.013,0.00916501
8.953,8.277,-0.997,-1,8.268,8.943,0.0137841
8.892,8.272,-0.993,-1,8.268,8.883,0.0120828
8.851,8.286,-0.991,-1,8.278,8.843,0.0144567
8.793,8.284,-0.986,-0.99,8.278,8.783,0.0123293
8.735,8.281,-0.982,-0.99,8.278,8.733,0.00877503
8.712,8.285,-0.981,-0.99,8.278,8.703,0.0145257
8.648,8.276,-0.975,-0.98,8.268,8.643,0.0106762
8.611,8.293,-0.974,-0.98,8.288,8.603,0.01118
8.55,8.285,-0.969,-0.97,8.278,8.543,0.00994984
8.497,8.286,-0.965,-0.97,8.278,8.493,0.0102472
8.458,8.3,-0.964,-0.97,8.298,8.453,0.00806232
8.412,8.307,-0.961,-0.97,8.298,8.403,0.0155883
8.364,8.285,-0.956,-0.96,8.278,8.363,0.00812407
8.312,8.286,-0.952,-0.96,8.278,8.303,0.0144569
8.278,8.303,-0.951,-0.96,8.298,8.273,0.0114452
8.215,8.292,-0.946,-0.95,8.288,8.213,0.00599976
8.197,8.327,-0.947,-0.95,8.318,8.193,0.0102954
8.125,8.305,-0.941,-0.95,8.298,8.123,0.0115758
8.088,8.319,-0.939,-0.94,8.318,8.083,0.00519634
8.026,8.307,-0.934,-0.94,8.298,8.023,0.0112246
8.002,8.308,-0.933,-0.94,8.298,7.993,0.0151652
7.929,8.285,-0.926,-0.93,8.278,7.923,0.0100496
7.962,8.372,-0.934,-0.94,8.368,7.953,0.0115323
7.973,8.436,-0.94,-0.94,8.428,7.963,0.0128057
7.956,8.471,-0.941,-0.95,8.468,7.953,0.0099496
7.948,8.516,-0.944,-0.95,8.508,7.943,0.0111798
7.949,8.572,-0.948,-0.95,8.568,7.943,0.0074828
7.962,8.612,-0.952,-0.96,8.608,7.953,0.0126886
7.96,8.665,-0.955,-0.96,8.658,7.953,0.0110905
7.937,8.694,-0.956,-0.96,8.688,7.933,0.00824576
7.899,8.708,-0.954,-0.96,8.698,7.893,0.0131151
7.842,8.7,-0.95,-0.95,8.698,7.833,0.00921934
7.747,8.649,-0.94,-0.94,8.648,7.743,0.00412315
7.675,8.622,-0.934,-0.94,8.618,7.673,0.00748311
7.519,8.473,-0.912,-0.92,8.468,7.513,0.0111797
7.401,8.392,-0.899,-0.9,8.388,7.393,0.00899978
7.281,8.309,-0.885,-0.89,8.308,7.273,0.00948669
7.27,8.348,-0.887,-0.89,8.338,7.263,0.0125689
7.208,8.33,-0.882,-0.89,8.328,7.203,0.00964364
7.173,8.342,-0.88,-0.88,8.338,7.163,0.01077
7.142,8.359,-0.88,-0.88,8.358,7.133,0.00905525
7.127,8.368,-0.879,-0.88,8.358,7.123,0.0108168
7.071,8.356,-0.875,-0.88,8.348,7.063,0.0123689
7.056,8.392,-0.877,-0.88,8.388,7.053,0.00583065
7.043,8.429,-0.879,-0.88,8.428,7.033,0.0100992
7.029,8.466,-0.881,-0.89,8.458,7.023,0.0134531
7.031,8.524,-0.885,-0.89,8.518,7.023,0.01118
7.032,8.58,-0.889,-0.89,8.578,7.023,0.00927342
7.02,8.62,-0.892,-0.9,8.618,7.013,0.0108163
7.024,8.653,-0.894,-0.9,8.648,7.023,0.00787345
7.018,8.701,-0.898,-0.9,8.698,7.013,0.00616424
7.002,8.738,-0.899,-0.9,8.728,6.993,0.0134901
6.979,8.766,-0.9,-0.9,8.758,6.973,0.00999956
6.972,8.813,-0.903,-0.91,8.808,6.963,0.0124495
7.016,8.927,-0.915,-0.92,8.918,7.013,0.0107235
7.014,8.982,-0.919,-0.92,8.978,7.013,0.00424223
7.029,9.031,-0.924,-0.93,9.028,7.023,0.00899978
7.009,9.064,-0.925,-0.93,9.058,7.003,0.00984833
7.035,9.157,-0.934,-0.94,9.148,7.033,0.010999
7.023,9.201,-0.937,-0.94,9.198,7.013,0.0108622
7.121,9.392,-0.957,-0.96,9.388,7.113,0.00943335
7.052,9.361,-0.951,-0.96,9.358,7.043,0.0130766
7.013,9.371,-0.949,-0.95,9.368,7.003,0.0104879
7.019,9.409,-0.953,-0.96,9.408,7.013,0.00927336
7.033,9.49,-0.96,-0.96,9.488,7.023,0.0101978
7.052,9.58,-0.968,-0.97,9.578,7.043,0.00943379
7.074,9.737,-0.982,-0.99,9.728,7.073,0.0120829
10.994,8.246,-1.234,-1.24,8.238,10.993,0.0100502
10.969,8.281,-1.234,-1.24,8.278,10.963,0.00899982
10.981,8.345,-1.239,-1.24,8.338,10.973,0.0106766
10.953,8.378,-1.239,-1.24,8.378,10.943,0.0100501
10.703,8.24,-1.21,-1.22,8.238,10.693,0.014283
10.63,8.238,-1.203,-1.21,8.228,10.623,0.0140708
10.576,8.249,-1.2,-1.21,8.248,10.573,0.0104881
10.531,8.241,-1.196,-1.2,8.238,10.523,0.0094336
10.49,8.262,-1.193,-1.2,8.258,10.483,0.010677
10.431,8.269,-1.189,-1.19,8.268,10.423,0.00812341
10.327,8.24,-1.179,-1.18,8.238,10.323,0.00458224
10.265,8.244,-1.174,-1.18,8.238,10.263,0.00871829
10.201,8.245,-1.169,-1.17,8.238,10.193,0.0106773
10.139,8.248,-1.164,-1.17,8.238,10.133,0.0131148
10.108,8.249,-1.161,-1.17,8.248,10.103,0.0103436
10.094,8.29,-1.163,-1.17,8.288,10.093,0.00734833
10.045,8.303,-1.16,-1.16,8.298,10.043,0.00538522
9.941,8.27,-1.149,-1.15,8.268,9.933,0.00830602
9.878,8.271,-1.144,-1.15,8.268,9.873,0.00836636
9.824,8.279,-1.141,-1.15,8.278,9.823,0.00911047
9.756,8.273,-1.135,-1.14,8.268,9.753,0.00768033
9.723,8.272,-1.132,-1.14,8.268,9.713,0.0134158
9.649,8.261,-1.126,-1.13,8.258,9.643,0.00780962
9.604,8.276,-1.123,-1.13,8.268,9.603,0.0106766
9.529,8.263,-1.116,-1.12,8.258,9.523,0.00877417
9.489,8.281,-1.114,-1.12,8.278,9.483,0.00900046
9.42,8.273,-1.108,-1.11,8.268,9.413,0.00883126
9.377,8.288,-1.106,-1.11,8.278,9.373,0.0114892
9.321,8.265,-1.1,-1.11,8.258,9.313,0.0145942
9.277,8.278,-1.098,-1.1,8.268,9.273,0.0109537
9.204,8.265,-1.091,-1.1,8.258,9.203,0.0114456
9.16,8.278,-1.088,-1.09,8.268,9.153,0.0123687
9.091,8.268,-1.082,-1.09,8.258,9.083,0.0150989
9.05,8.283,-1.08,-1.09,8.278,9.043,0.0131909
8.985,8.275,-1.075,-1.08,8.268,8.983,0.00883095
8.954,8.273,-1.072,-1.08,8.268,8.953,0.00948645
8.887,8.263,-1.066,-1.07,8.258,8.883,0.00754916
8.85,8.28,-1.065,-1.07,8.278,8.843,0.0088317
8.781,8.268,-1.059,-1.06,8.258,8.773,0.0128443
8.747,8.288,-1.057,-1.06,8.278,8.743,0.0111804
8.677,8.274,-1.051,-1.06,8.268,8.673,0.0115322
8.643,8.293,-1.05,-1.05,8.288,8.633,0.0111797
8.588,8.293,-1.046,-1.05,8.288,8.583,0.00812415
8.548,8.28,-1.042,-1.05,8.278,8.543,0.00964359
8.495,8.28,-1.038,-1.04,8.278,8.493,0.00346392
8.451,8.29,-1.035,-1.04,8.288,8.443,0.00964393
8.391,8.283,-1.03,-1.03,8.278,8.383,0.00943355
8.337,8.282,-1.026,-1.03,8.278,8.333,0.00692784
8.293,8.29,-1.024,-1.03,8.288,8.283,0.0118323
8.237,8.286,-1.019,-1.02,8.278,8.233,0.00900062
8.206,8.281,-1.017,-1.02,8.278,8.203,0.00519646
8.164,8.291,-1.014,-1.02,8.288,8.163,0.0067823
8.113,8.291,-1.011,-1.02,8.288,8.103,0.0137835
8.059,8.288,-1.006,-1.01,8.278,8.053,0.0123288
8.012,8.292,-1.003,-1.01,8.288,8.003,0.0120828
7.974,8.304,-1.001,-1.01,8.298,7.973,0.0108625
8.012,8.397,-1.011,-1.02,8.388,8.003,0.0155882
8.039,8.451,-1.017,-1.02,8.448,8.033,0.00734823
8.016,8.48,-1.018,-1.02,8.478,8.013,0.00412206
8.008,8.524,-1.021,-1.03,8.518,8.003,0.0119162
8.005,8.576,-1.024,-1.03,8.568,8.003,0.0101983
7.997,8.621,-1.027,-1.03,8.618,7.993,0.00583122
7.994,8.672,-1.031,-1.04,8.668,7.993,0.00989932
7.969,8.699,-1.031,-1.04,8.698,7.963,0.0108625
7.931,8.685,-1.027,-1.03,8.678,7.923,0.0110453
7.887,8.692,-1.025,-1.03,8.688,7.883,0.00754952
7.806,8.658,-1.017,-1.02,8.648,7.803,0.0108621
7.715,8.612,-1.007,-1.01,8.608,7.713,0.00538562
7.672,8.618,-1.004,-1.01,8.608,7.663,0.014731
7.619,8.612,-1,-1,8.608,7.613,0.00721111
7.576,8.618,-0.997,-1,8.608,7.573,0.0108629
7.321,8.382,-0.961,-0.97,8.378,7.313,0.0126884
7.226,8.301,-0.948,-0.95,8.298,7.223,0.00468982
7.216,8.341,-0.951,-0.96,8.338,7.213,0.0099496
7.17,8.341,-0.948,-0.95,8.338,7.163,0.00787371
7.144,8.364,-0.948,-0.95,8.358,7.143,0.00640359
7.099,8.365,-0.945,-0.95,8.358,7.093,0.0104878
7.049,8.358,-0.941,-0.95,8.348,7.043,0.0147303
7.038,8.399,-0.943,-0.95,8.398,7.033,0.00865996
7.06,8.453,-0.949,-0.95,8.448,7.053,0.00865991
7.222,8.701,-0.98,-0.99,8.698,7.213,0.013784
7.033,8.638,-0.962,-0.97,8.628,7.023,0.0162475
7.008,8.663,-0.963,-0.97,8.658,7.003,0.00994977
6.99,8.696,-0.964,-0.97,8.688,6.983,0.0122059
6.961,8.688,-0.962,-0.97,8.678,6.953,0.0150991
6.976,8.763,-0.969,-0.97,8.758,6.973,0.00591527
6.998,8.847,-0.977,-0.98,8.838,6.993,0.0107237
6.996,8.901,-0.981,-0.99,8.898,6.993,0.0099496
6.98,8.939,-0.984,-0.99,8.938,6.973,0.00927352
6.967,8.98,-0.986,-0.99,8.978,6.963,0.00599945
7.001,9.082,-0.997,-1,9.078,6.993,0.00943378
6.978,9.112,-0.998,-1,9.108,6.973,0.00670868
6.976,9.138,-1,-1,9.128,6.973,0.0104395
7.034,9.334,-1.02,-1.02,9.328,7.033,0.00608224
7.063,9.434,-1.03,-1.03,9.428,7.053,0.0116615
7.03,9.452,-1.029,-1.03,9.448,7.023,0.00812386
7.031,9.515,-1.035,-1.04,9.508,7.023,0.0117472
7.023,9.568,-1.039,-1.04,9.558,7.013,0.0141764
7.059,9.775,-1.058,-1.06,9.768,7.053,0.00943297
11.045,8.292,-1.332,-1.34,8.288,11.043,0.00916501
11.045,8.318,-1.334,-1.34,8.308,11.043,0.0118315
11.031,8.363,-1.336,-1.34,8.358,11.023,0.0102466
11.014,8.405,-1.337,-1.34,8.398,11.013,0.00768031
10.778,8.278,-1.308,-1.31,8.268,10.773,0.0113568
10.671,8.302,-1.3,-1.3,8.298,10.663,0.00894362
10.547,8.259,-1.286,-1.29,8.258,10.543,0.00574423
10.529,8.271,-1.285,-1.29,8.268,10.523,0.00836604
10.475,8.282,-1.281,-1.29,8.278,10.473,0.0100497
10.409,8.283,-1.276,-1.28,8.278,10.403,0.00877536
10.406,8.334,-1.279,-1.28,8.328,10.403,0.00678205
10.281,8.287,-1.265,-1.27,8.278,10.273,0.0130379
10.216,8.288,-1.259,-1.26,8.278,10.213,0.0104881
10.158,8.293,-1.255,-1.26,8.288,10.153,0.00866038
10.129,8.297,-1.252,-1.26,8.288,10.123,0.0134533
10.145,8.363,-1.258,-1.26,8.358,10.143,0.0057446
10.124,8.399,-1.259,-1.26,8.398,10.123,0.00173144
9.971,8.325,-1.241,-1.25,8.318,9.963,0.013928
9.892,8.312,-1.233,-1.24,8.308,9.883,0.0120828
9.852,8.331,-1.231,-1.24,8.328,9.843,0.0130767
9.79,8.331,-1.226,-1.23,8.328,9.783,0.00860242
9.718,8.296,-1.217,-1.22,8.288,9.713,0.00989909
9.671,8.308,-1.214,-1.22,8.298,9.663,0.0141413
9.622,8.319,-1.211,-1.22,8.318,9.613,0.0127671
9.557,8.315,-1.205,-1.21,8.308,9.553,0.00948598
9.511,8.328,-1.202,-1.21,8.318,9.503,0.0150995
9.458,8.334,-1.198,-1.2,8.328,9.453,0.00806203
9.396,8.332,-1.193,-1.2,8.328,9.393,0.00860202
9.341,8.335,-1.189,-1.19,8.328,9.333,0.0106766
9.296,8.322,-1.184,-1.19,8.318,9.293,0.00780987
9.233,8.318,-1.179,-1.18,8.308,9.223,0.0141764
9.179,8.321,-1.174,-1.18,8.318,9.173,0.00899975
9.122,8.322,-1.17,-1.17,8.318,9.113,0.00984858
9.068,8.325,-1.166,-1.17,8.318,9.063,0.00948635
9.022,8.334,-1.162,-1.17,8.328,9.013,0.0134533
8.958,8.327,-1.157,-1.16,8.318,8.953,0.0107237
8.92,8.318,-1.153,-1.16,8.308,8.913,0.0140707
8.865,8.319,-1.149,-1.15,8.318,8.863,0.00244951
8.803,8.313,-1.143,-1.15,8.308,8.803,0.00860181
8.761,8.325,-1.141,-1.15,8.318,8.753,0.013928
8.72,8.339,-1.138,-1.14,8.338,8.713,0.00734836
8.654,8.328,-1.132,-1.14,8.318,8.653,0.0128455
8.603,8.331,-1.128,-1.13,8.328,8.593,0.0106295
8.568,8.323,-1.125,-1.13,8.318,8.563,0.00865983
8.517,8.326,-1.121,-1.13,8.318,8.513,0.0126887
8.461,8.323,-1.117,-1.12,8.318,8.453,0.00989986
8.413,8.327,-1.113,-1.12,8.318,8.403,0.0151658
8.367,8.334,-1.11,-1.12,8.328,8.363,0.0123285
8.317,8.336,-1.106,-1.11,8.328,8.313,0.00979817
8.264,8.335,-1.102,-1.11,8.328,8.263,0.010677
8.24,8.337,-1.1,-1.11,8.328,8.233,0.0151656
8.188,8.337,-1.096,-1.1,8.328,8.183,0.0110449
8.129,8.329,-1.091,-1.1,8.328,8.123,0.0108626
8.083,8.334,-1.088,-1.09,8.328,8.073,0.0118321
8.119,8.424,-1.098,-1.1,8.418,8.113,0.00871785
8.135,8.494,-1.105,-1.11,8.488,8.133,0.0080626
8.128,8.54,-1.108,-1.11,8.538,8.123,0.0057446
8.14,8.607,-1.114,-1.12,8.598,8.133,0.012884
8.157,8.652,-1.119,-1.12,8.648,8.153,0.00574417
7.883,8.413,-1.079,-1.08,8.408,7.873,0.0112248
7.758,8.331,-1.063,-1.07,8.328,7.753,0.00911039
7.711,8.334,-1.059,-1.06,8.328,7.703,0.0100495
7.67,8.342,-1.057,-1.06,8.338,7.663,0.00860213
7.625,8.345,-1.054,-1.06,8.338,7.623,0.00943388
7.587,8.356,-1.052,-1.06,8.348,7.583,0.0119994
7.582,8.377,-1.053,-1.06,8.368,7.573,0.0145253
7.551,8.396,-1.053,-1.06,8.388,7.543,0.0133037
7.574,8.475,-1.061,-1.07,8.468,7.573,0.0114455
7.676,8.644,-1.082,-1.09,8.638,7.673,0.01044
7.62,8.636,-1.078,-1.08,8.628,7.613,0.0108159
7.602,8.67,-1.079,-1.08,8.668,7.593,0.00927342
7.386,8.476,-1.047,-1.05,8.468,7.383,0.00905477
7.267,8.366,-1.029,-1.03,8.358,7.263,0.0090002
7.284,8.438,-1.037,-1.04,8.428,7.283,0.0104874
7.221,8.419,-1.03,-1.03,8.418,7.213,0.00806209
7.181,8.425,-1.028,-1.03,8.418,7.173,0.0108166
7.141,8.432,-1.026,-1.03,8.428,7.133,0.00979735
7.057,8.386,-1.016,-1.02,8.378,7.053,0.00979735
7.105,8.497,-1.029,-1.03,8.488,7.103,0.00927341
7.098,8.544,-1.032,-1.04,8.538,7.093,0.01118
7.106,8.581,-1.036,-1.04,8.578,7.103,0.00583094
7.093,8.62,-1.038,-1.04,8.618,7.083,0.010392
7.085,8.665,-1.042,-1.05,8.658,7.083,0.0108165
7.073,8.706,-1.044,-1.05,8.698,7.063,0.0141421
7.043,8.725,-1.044,-1.05,8.718,7.033,0.0136012
7.039,8.777,-1.048,-1.05,8.768,7.033,0.0109996
7.053,8.852,-1.056,-1.06,8.848,7.043,0.0114888
7.08,8.914,-1.063,-1.07,8.908,7.073,0.0115754
7.084,8.977,-1.069,-1.07,8.968,7.083,0.00911026
7.08,9.031,-1.073,-1.08,9.028,7.073,0.0103439
7.076,9.084,-1.077,-1.08,9.078,7.073,0.00734803
7.074,9.141,-1.082,-1.09,9.138,7.073,0.00860203
7.084,9.214,-1.089,-1.09,9.208,7.083,0.00616399
7.088,9.279,-1.095,-1.1,9.278,7.083,0.00714123
7.103,9.36,-1.103,-1.11,9.358,7.093,0.0123691
7.124,9.419,-1.11,-1.12,9.418,7.123,0.0100994
7.125,9.482,-1.116,-1.12,9.478,7.123,0.00599972
7.092,9.5,-1.115,-1.12,9.498,7.083,0.0104879
7.101,9.575,-1.122,-1.13,9.568,7.093,0.0133038
7.091,9.624,-1.126,-1.13,9.618,7.083,0.01077
7.147,9.765,-1.142,-1.15,9.758,7.143,0.0113577
7.154,9.839,-1.149,-1.15,9.838,7.153,0.00173137
11.006,8.243,-1.41,-1.41,8.238,11.003,0.00583069
10.999,8.292,-1.413,-1.42,8.288,10.993,0.0100495
10.966,8.321,-1.412,-1.42,8.318,10.963,0.00905525
10.845,8.257,-1.396,-1.4,8.248,10.843,0.0100497
10.64,8.26,-1.377,-1.38,8.258,10.633,0.00787395
10.556,8.249,-1.368,-1.37,8.248,10.553,0.00374094
10.494,8.254,-1.363,-1.37,8.248,10.493,0.00927336
10.42,8.248,-1.356,-1.36,8.238,10.413,0.0128454
10.388,8.25,-1.353,-1.36,8.248,10.383,0.00883123
10.309,8.241,-1.345,-1.35,8.238,10.303,0.00836638
10.268,8.26,-1.343,-1.35,8.258,10.263,0.00883177
10.072,8.261,-1.325,-1.33,8.258,10.063,0.0107227
10.068,8.311,-1.328,-1.33,8.308,10.063,0.00616343
10.072,8.368,-1.333,-1.34,8.358,10.063,0.0151653
10.318,8.598,-1.372,-1.38,8.588,10.313,0.0137469
10.434,8.75,-1.394,-1.4,8.748,10.433,0.00640292
10.431,8.803,-1.398,-1.4,8.798,10.423,0.00964322
10.424,8.854,-1.401,-1.41,8.848,10.423,0.0108624
10.417,8.904,-1.405,-1.41,8.898,10.413,0.00877453
10.379,8.928,-1.403,-1.41,8.928,10.373,0.00921924
9.638,8.346,-1.293,-1.3,8.338,9.633,0.0117466
9.575,8.318,-1.285,-1.29,8.308,9.573,0.0113572
9.522,8.325,-1.281,-1.29,8.318,9.513,0.0145257
9.436,8.302,-1.272,-1.28,8.298,9.433,0.00943365
9.356,8.284,-1.263,-1.27,8.278,9.353,0.00969544
9.3,8.287,-1.259,-1.26,8.278,9.293,0.0114454
9.237,8.283,-1.253,-1.26,8.278,9.233,0.00948715
9.186,8.29,-1.249,-1.25,8.288,9.183,0.00374104
9.149,8.283,-1.245,-1.25,8.278,9.143,0.0092734
9.064,8.258,-1.236,-1.24,8.258,9.063,0.00412304
9.015,8.265,-1.232,-1.24,8.258,9.013,0.0108166
8.969,8.275,-1.229,-1.23,8.268,8.963,0.0092726
8.918,8.28,-1.225,-1.23,8.278,8.913,0.0073485
8.871,8.289,-1.222,-1.23,8.288,8.863,0.011358
8.832,8.305,-1.219,-1.22,8.298,8.823,0.0114454
8.789,8.29,-1.215,-1.22,8.288,8.783,0.0080619
8.729,8.286,-1.209,-1.21,8.278,8.723,0.0100499
8.673,8.285,-1.204,-1.21,8.278,8.673,0.00921955
8.617,8.283,-1.199,-1.2,8.278,8.613,0.00648066
8.568,8.288,-1.196,-1.2,8.278,8.563,0.0118742
8.519,8.293,-1.192,-1.2,8.288,8.513,0.0111802
8.464,8.292,-1.187,-1.19,8.288,8.463,0.0050987
8.417,8.298,-1.184,-1.19,8.298,8.413,0.00721098
8.376,8.283,-1.179,-1.18,8.278,8.373,0.0059163
8.329,8.288,-1.176,-1.18,8.278,8.323,0.0123292
8.28,8.292,-1.172,-1.18,8.288,8.273,0.011357
8.226,8.29,-1.167,-1.17,8.288,8.223,0.00468985
8.173,8.289,-1.163,-1.17,8.288,8.173,0.00707096
8.123,8.29,-1.159,-1.16,8.288,8.113,0.0102471
8.103,8.321,-1.16,-1.16,8.318,8.093,0.0104397
8.185,8.432,-1.176,-1.18,8.428,8.183,0.00599972
8.171,8.471,-1.178,-1.18,8.468,8.163,0.00877419
8.17,8.522,-1.182,-1.19,8.518,8.163,0.0113577
7.89,8.284,-1.139,-1.14,8.278,7.883,0.00927356
7.738,8.279,-1.127,-1.13,8.278,7.733,0.00591585
7.482,8.288,-1.107,-1.11,8.278,7.473,0.0137841
7.401,8.303,-1.102,-1.11,8.298,7.393,0.0123693
7.428,8.36,-1.109,-1.11,8.358,7.423,0.00547685
7.564,8.62,-1.143,-1.15,8.618,7.563,0.00734839
7.427,8.518,-1.123,-1.13,8.508,7.423,0.0128446
7.196,8.308,-1.087,-1.09,8.298,7.193,0.0108621
7.187,8.35,-1.09,-1.1,8.348,7.183,0.0109543
7.159,8.397,-1.092,-1.1,8.388,7.153,0.0134533
7.126,8.412,-1.091,-1.1,8.408,7.123,0.0102955
7.095,8.428,-1.09,-1.1,8.428,7.093,0.0101979
7.076,8.459,-1.091,-1.1,8.458,7.073,0.00953933
7.063,8.498,-1.094,-1.1,8.488,7.053,0.0153623
7.057,8.545,-1.098,-1.1,8.538,7.053,0.00830645
7.057,8.599,-1.102,-1.11,8.598,7.053,0.00899982
7.046,8.641,-1.106,-1.11,8.638,7.043,0.00583053
7.042,8.665,-1.107,-1.11,8.658,7.033,0.0117893
7.031,8.707,-1.11,-1.12,8.698,7.023,0.0156523
7.015,8.743,-1.112,-1.12,8.738,7.013,0.00964359
7.036,8.825,-1.122,-1.13,8.818,7.033,0.0110452
7.022,8.865,-1.124,-1.13,8.858,7.013,0.0128836
7.02,8.919,-1.129,-1.13,8.918,7.013,0.00714086
7.029,8.988,-1.136,-1.14,8.978,7.023,0.012328
7.044,9.037,-1.142,-1.15,9.028,7.043,0.0120829
7.028,9.074,-1.144,-1.15,9.068,7.023,0.00984894
7.041,9.15,-1.152,-1.16,9.148,7.033,0.0114885
7.042,9.211,-1.158,-1.16,9.208,7.033,0.00969483
7.041,9.27,-1.163,-1.17,9.268,7.033,0.0108162
7.043,9.333,-1.169,-1.17,9.328,7.033,0.0112248
7.043,9.395,-1.175,-1.18,9.388,7.033,0.0131907
7.062,9.45,-1.181,-1.19,9.448,7.053,0.0128837
7.067,9.519,-1.188,-1.19,9.518,7.063,0.00458224
7.12,9.653,-1.204,-1.21,9.648,7.113,0.0104874
7.139,9.742,-1.214,-1.22,9.738,7.133,0.00938046
10.843,8.271,-1.475,-1.48,8.268,10.843,0.00583059
10.763,8.237,-1.465,-1.47,8.228,10.753,0.0143521
10.714,8.252,-1.461,-1.47,8.248,10.713,0.00989938
10.606,8.276,-1.452,-1.46,8.268,10.603,0.0117041
10.559,8.293,-1.449,-1.45,8.288,10.553,0.00787375
10.452,8.262,-1.436,-1.44,8.258,10.443,0.0106299
10.434,8.301,-1.438,-1.44,8.298,10.433,0.003741
10.367,8.274,-1.429,-1.43,8.268,10.363,0.00727958
10.322,8.291,-1.426,-1.43,8.288,10.313,0.0102947
10.205,8.25,-1.412,-1.42,8.248,10.203,0.00848523
10.17,8.274,-1.41,-1.41,8.268,10.163,0.00921924
10.13,8.295,-1.408,-1.41,8.288,10.123,0.0100995
10.103,8.325,-1.408,-1.41,8.318,10.093,0.0123687
10.11,8.385,-1.413,-1.42,8.378,10.103,0.0121238
10.258,8.536,-1.439,-1.44,8.528,10.253,0.00948721
10.272,8.603,-1.446,-1.45,8.598,10.263,0.0110456
10.215,8.609,-1.441,-1.45,8.608,10.213,0.00927369
10.173,8.628,-1.438,-1.44,8.628,10.173,0.00200009
10.126,8.643,-1.435,-1.44,8.638,10.123,0.00768078
10.064,8.645,-1.43,-1.43,8.638,10.063,0.00707096
10.027,8.668,-1.428,-1.43,8.658,10.023,0.0109545
10.02,8.69,-1.429,-1.43,8.688,10.013,0.00734904
10.129,8.841,-1.451,-1.46,8.838,10.123,0.0112246
10.174,8.937,-1.463,-1.47,8.928,10.173,0.0114453
10.143,8.966,-1.463,-1.47,8.958,10.133,0.0145937
10.695,9.516,-1.558,-1.56,9.508,10.693,0.00848469
10.714,9.593,-1.566,-1.57,9.588,10.713,0.00648079
9.634,8.678,-1.393,-1.4,8.678,9.633,0.00707096
9.626,8.725,-1.396,-1.4,8.718,9.623,0.00860237
9.596,8.726,-1.393,-1.4,8.718,9.593,0.0110447
9.295,8.505,-1.347,-1.35,8.498,9.293,0.00787395
9.096,8.375,-1.319,-1.32,8.368,9.093,0.00768085
9.034,8.37,-1.313,-1.32,8.368,9.033,0.00734857
8.975,8.368,-1.307,-1.31,8.358,8.973,0.0106303
8.929,8.377,-1.304,-1.31,8.368,8.923,0.0123689
8.826,8.333,-1.291,-1.3,8.328,8.823,0.0107239
8.787,8.322,-1.287,-1.29,8.318,8.783,0.00640277
8.729,8.319,-1.281,-1.29,8.318,8.723,0.0108625
8.683,8.327,-1.278,-1.28,8.318,8.673,0.0136008
8.629,8.327,-1.273,-1.28,8.318,8.623,0.0128838
8.582,8.335,-1.269,-1.27,8.328,8.573,0.0114454
8.511,8.317,-1.262,-1.27,8.308,8.503,0.0144564
8.466,8.326,-1.259,-1.26,8.318,8.463,0.00860244
8.426,8.312,-1.254,-1.26,8.308,8.423,0.00780987
8.381,8.319,-1.25,-1.25,8.318,8.373,0.00806173
8.342,8.333,-1.248,-1.25,8.328,8.333,0.010488
8.293,8.336,-1.244,-1.25,8.328,8.283,0.0141425
8.243,8.338,-1.24,-1.25,8.338,8.233,0.0141423
8.18,8.326,-1.234,-1.24,8.318,8.173,0.0122068
8.245,8.446,-1.25,-1.25,8.438,8.243,0.00824561
8.198,8.45,-1.246,-1.25,8.448,8.193,0.00670822
8.186,8.464,-1.246,-1.25,8.458,8.183,0.00780962
7.985,8.308,-1.215,-1.22,8.298,7.983,0.0113572
7.935,8.308,-1.211,-1.22,8.298,7.933,0.013601
7.889,8.312,-1.208,-1.21,8.308,7.883,0.00748284
7.831,8.303,-1.202,-1.21,8.298,7.823,0.012369
7.797,8.319,-1.201,-1.21,8.318,7.793,0.00989948
7.749,8.32,-1.197,-1.2,8.318,7.743,0.007
7.725,8.321,-1.195,-1.2,8.318,7.723,0.00616449
7.67,8.313,-1.189,-1.19,8.308,7.663,0.00865975
7.629,8.321,-1.187,-1.19,8.318,7.623,0.00734862
7.571,8.309,-1.181,-1.19,8.308,7.563,0.012083
7.522,8.308,-1.177,-1.18,8.298,7.513,0.0137831
7.481,8.315,-1.174,-1.18,8.308,7.473,0.0122059
7.444,8.327,-1.172,-1.18,8.318,7.443,0.0120828
7.408,8.338,-1.17,-1.17,8.338,7.403,0.00499964
7.417,8.375,-1.174,-1.18,8.368,7.413,0.0100497
7.402,8.412,-1.176,-1.18,8.408,7.393,0.0106299
7.401,8.464,-1.181,-1.19,8.458,7.393,0.0134534
7.262,8.358,-1.16,-1.16,8.348,7.253,0.013453
7.244,8.389,-1.162,-1.17,8.388,7.243,0.00812398
7.212,8.406,-1.161,-1.17,8.398,7.203,0.0150328
7.197,8.442,-1.163,-1.17,8.438,7.193,0.00899972
7.197,8.469,-1.165,-1.17,8.468,7.193,0.00648047
7.19,8.514,-1.169,-1.17,8.508,7.183,0.00927331
7.174,8.55,-1.171,-1.18,8.548,7.173,0.00927347
7.164,8.593,-1.174,-1.18,8.588,7.163,0.00787401
7.161,8.644,-1.179,-1.18,8.638,7.153,0.0100491
7.156,8.694,-1.183,-1.19,8.688,7.153,0.00969509
7.124,8.711,-1.182,-1.19,8.708,7.123,0.00860242
7.091,8.699,-1.179,-1.18,8.698,7.083,0.00812398
7.086,8.749,-1.183,-1.19,8.748,7.083,0.00768107
7.086,8.805,-1.188,-1.19,8.798,7.083,0.00787392
7.101,8.88,-1.197,-1.2,8.878,7.093,0.00877441
7.095,8.931,-1.201,-1.21,8.928,7.093,0.00969508
7.101,8.996,-1.208,-1.21,8.988,7.093,0.011489
7.102,9.056,-1.214,-1.22,9.048,7.093,0.0134532
7.132,9.124,-1.222,-1.23,9.118,7.123,0.0134533
7.099,9.141,-1.222,-1.23,9.138,7.093,0.0104399
7.107,9.211,-1.229,-1.23,9.208,7.103,0.00509895
7.125,9.295,-1.239,-1.24,9.288,7.123,0.00734841
7.148,9.387,-1.249,-1.25,9.378,7.143,0.0103438
7.145,9.444,-1.255,-1.26,9.438,7.143,0.0080619
7.136,9.493,-1.259,-1.26,9.488,7.133,0.00591607
7.115,9.497,-1.258,-1.26,9.488,7.113,0.00943368
7.249,9.741,-1.291,-1.3,9.738,7.243,0.011225
7.094,9.594,-1.266,-1.27,9.588,7.093,0.00727965
7.067,9.621,-1.266,-1.27,9.618,7.063,0.00640303
7.03,9.634,-1.265,-1.27,9.628,7.023,0.0104878
7.039,9.71,-1.273,-1.28,9.708,7.033,0.00943365
7.041,9.778,-1.28,-1.28,9.768,7.033,0.0128053
10.082,8.285,-1.47,-1.48,8.278,10.073,0.0151656
10.065,8.324,-1.471,-1.48,8.318,10.063,0.0110001
10.551,9.035,-1.577,-1.58,9.028,10.543,0.0110449
10.424,8.984,-1.561,-1.57,8.978,10.423,0.0108625
10.408,9.027,-1.563,-1.57,9.018,10.403,0.0124499
10.772,9.611,-1.647,-1.65,9.608,10.763,0.00995066
10.705,9.612,-1.641,-1.65,9.608,10.703,0.0100501
10.67,9.641,-1.64,-1.64,9.638,10.663,0.00761547
10.634,9.669,-1.639,-1.64,9.668,10.633,0.00173137
10.518,9.625,-1.624,-1.63,9.618,10.513,0.0104881
10.431,9.606,-1.614,-1.62,9.598,10.423,0.0128055
10.461,9.664,-1.622,-1.63,9.658,10.453,0.0128063
10.464,9.728,-1.628,-1.63,9.718,10.463,0.0102462
10.297,9.633,-1.604,-1.61,9.628,10.293,0.00877493
10.213,9.615,-1.595,-1.6,9.608,10.213,0.0086023
10.145,9.612,-1.588,-1.59,9.608,10.143,0.00489945
9.108,8.687,-1.411,-1.42,8.678,9.103,0.0136743
9.049,8.686,-1.405,-1.41,8.678,9.043,0.0111797
8.916,8.613,-1.386,-1.39,8.608,8.913,0.00707123
8.7,8.431,-1.35,-1.36,8.428,8.693,0.0125696
8.548,8.337,-1.328,-1.33,8.328,8.543,0.010488
8.478,8.32,-1.32,-1.33,8.318,8.473,0.0113574
8.417,8.312,-1.314,-1.32,8.308,8.413,0.00824596
8.344,8.293,-1.305,-1.31,8.288,8.343,0.00714143
8.284,8.285,-1.299,-1.3,8.278,8.283,0.00714144
8.227,8.28,-1.294,-1.3,8.278,8.223,0.00748306
8.204,8.283,-1.292,-1.3,8.278,8.203,0.00948685
8.242,8.374,-1.304,-1.31,8.368,8.233,0.0123689
8.391,8.578,-1.336,-1.34,8.568,8.383,0.0134163
8.238,8.475,-1.312,-1.32,8.468,8.233,0.0117474
8.042,8.326,-1.281,-1.29,8.318,8.033,0.0150334
7.751,8.309,-1.254,-1.26,8.308,7.743,0.0100498
7.698,8.304,-1.249,-1.25,8.298,7.693,0.00787345
7.692,8.35,-1.253,-1.26,8.348,7.683,0.0115757
7.626,8.33,-1.245,-1.25,8.328,7.623,0.00616426
7.315,8.327,-1.218,-1.22,8.318,7.313,0.00943378
7.31,8.373,-1.222,-1.23,8.368,7.303,0.0117471
7.218,8.295,-1.207,-1.21,8.288,7.213,0.00911022
7.172,8.296,-1.203,-1.21,8.288,7.163,0.013928
7.154,8.327,-1.205,-1.21,8.318,7.153,0.0103439
7.155,8.381,-1.21,-1.22,8.378,7.153,0.0106299
6.975,8.328,-1.19,-1.2,8.318,6.973,0.014283
6.99,8.373,-1.196,-1.2,8.368,6.983,0.00948655
6.957,8.387,-1.194,-1.2,8.378,6.953,0.0115323
6.961,8.445,-1.201,-1.21,8.438,6.953,0.0139279
7.003,9.031,-1.262,-1.27,9.028,6.993,0.0131528
7.031,9.125,-1.274,-1.28,9.118,7.023,0.0122064
7.013,9.161,-1.276,-1.28,9.158,7.003,0.0111802
7.006,9.182,-1.278,-1.28,9.178,7.003,0.00538482
6.972,9.198,-1.277,-1.28,9.188,6.963,0.0137834
6.97,9.531,-1.311,-1.32,9.528,6.963,0.0117896
10.701,8.268,-1.625,-1.63,8.258,10.693,0.0137474
10.65,8.282,-1.62,-1.63,8.278,10.643,0.0128446
10.594,8.292,-1.615,-1.62,8.288,10.593,0.00648047
10.569,8.299,-1.613,-1.62,8.298,10.563,0.00927326
10.519,8.313,-1.609,-1.61,8.308,10.513,0.00787388
10.447,8.309,-1.601,-1.61,8.308,10.443,0.00989938
10.345,8.281,-1.588,-1.59,8.278,10.343,0.00412321
10.259,8.265,-1.578,-1.58,8.258,10.253,0.0094337
10.209,8.278,-1.574,-1.58,8.268,10.203,0.0131141
10.168,8.298,-1.571,-1.58,8.298,10.163,0.0102957
10.097,8.266,-1.561,-1.57,8.258,10.093,0.0126882
10.133,8.35,-1.572,-1.58,8.348,10.133,0.00824619
10.138,8.407,-1.577,-1.58,8.398,10.133,0.0107225
10.762,9.696,-1.754,-1.76,9.688,10.753,0.0134532
10.686,9.689,-1.746,-1.75,9.688,10.683,0.00509846
10.619,9.689,-1.739,-1.74,9.688,10.613,0.00616484
10.557,9.692,-1.734,-1.74,9.688,10.553,0.00824596
10.493,9.695,-1.727,-1.73,9.688,10.483,0.0125694
10.457,9.692,-1.724,-1.73,9.688,10.453,0.00824596
10.383,9.684,-1.716,-1.72,9.678,10.383,0.00721078
10.314,9.68,-1.708,-1.71,9.678,10.313,0.00299978
10.26,9.691,-1.704,-1.71,9.688,10.253,0.00969515
10.165,9.661,-1.692,-1.7,9.658,10.163,0.00877503
10.196,9.752,-1.704,-1.71,9.748,10.193,0.00781023
10.184,9.802,-1.707,-1.71,9.798,10.183,0.0050987
8.546,8.754,-1.451,-1.46,8.748,8.543,0.0112246
8.243,8.549,-1.402,-1.41,8.548,8.233,0.0128454
7.982,8.33,-1.357,-1.36,8.328,7.973,0.00969517
7.937,8.334,-1.353,-1.36,8.328,7.933,0.0100495
7.906,8.328,-1.35,-1.36,8.318,7.903,0.0144569
7.881,8.354,-1.35,-1.36,8.348,7.873,0.0141419
7.84,8.363,-1.347,-1.35,8.358,7.833,0.00911048
7.764,8.334,-1.337,-1.34,8.328,7.763,0.00678187
7.728,8.348,-1.335,-1.34,8.338,7.723,0.0122469
7.678,8.346,-1.33,-1.34,8.338,7.673,0.0137473
7.621,8.336,-1.324,-1.33,8.328,7.613,0.0128061
7.598,8.338,-1.322,-1.33,8.338,7.593,0.0094338
7.565,8.355,-1.321,-1.33,8.348,7.563,0.0115753
7.542,8.381,-1.322,-1.33,8.378,7.533,0.012409
7.46,8.343,-1.31,-1.31,8.338,7.453,0.00860237
7.401,8.329,-1.304,-1.31,8.328,7.393,0.0100498
7.367,8.343,-1.302,-1.31,8.338,7.363,0.0102468
7.303,8.323,-1.294,-1.3,8.318,7.293,0.0126884
7.329,8.379,-1.302,-1.31,8.378,7.323,0.0100495
7.322,8.425,-1.306,-1.31,8.418,7.313,0.0120829
7.315,8.47,-1.31,-1.31,8.468,7.313,0.00282822
7.436,8.667,-1.341,-1.35,8.658,7.433,0.0130766
7.361,8.634,-1.331,-1.34,8.628,7.353,0.0134534
7.279,8.592,-1.32,-1.33,8.588,7.273,0.0123285
7.19,8.54,-1.307,-1.31,8.538,7.183,0.00787391
7.081,8.464,-1.289,-1.29,8.458,7.073,0.0100491
7.137,8.559,-1.304,-1.31,8.558,7.133,0.00727981
7.099,8.568,-1.301,-1.31,8.558,7.093,0.0147302
7.089,8.611,-1.305,-1.31,8.608,7.083,0.00836672
7.106,8.687,-1.315,-1.32,8.678,7.103,0.0107236
7.087,8.72,-1.316,-1.32,8.718,7.083,0.0059998
7.039,8.716,-1.312,-1.32,8.708,7.033,0.0128057
7.008,8.734,-1.311,-1.32,8.728,7.003,0.0119161
7.013,8.768,-1.315,-1.32,8.758,7.003,0.0149993
7.006,8.816,-1.32,-1.33,8.808,7.003,0.0131525
7.025,8.898,-1.33,-1.34,8.888,7.023,0.0142823
7.032,8.965,-1.338,-1.34,8.958,7.023,0.0115757
7.027,9.017,-1.343,-1.35,9.008,7.023,0.0120828
7.034,9.084,-1.35,-1.36,9.078,7.033,0.0117044
7.04,9.152,-1.358,-1.36,9.148,7.033,0.00830605
7.042,9.185,-1.362,-1.37,9.178,7.033,0.013928
7.087,9.304,-1.378,-1.38,9.298,7.083,0.0074828
7.076,9.351,-1.382,-1.39,9.348,7.073,0.0090551
7.095,9.437,-1.393,-1.4,9.428,7.093,0.0115756
7.097,9.502,-1.4,-1.4,9.498,7.093,0.00565644
7.053,9.505,-1.397,-1.4,9.498,7.043,0.0125696
11.205,8.229,-1.77,-1.77,8.228,11.203,0.00223569
11.198,8.278,-1.773,-1.78,8.268,11.193,0.0131904
11.172,8.314,-1.773,-1.78,8.308,11.163,0.0128838
11.159,8.358,-1.775,-1.78,8.348,11.153,0.0126882
11.156,8.411,-1.78,-1.78,8.408,11.153,0.00424301
11.127,8.444,-1.779,-1.78,8.438,11.123,0.00727958
11.129,8.473,-1.782,-1.79,8.468,11.123,0.0111797
11.131,8.53,-1.787,-1.79,8.528,11.123,0.00877441
11.071,8.539,-1.781,-1.79,8.538,11.063,0.0120826
10.244,8.242,-1.663,-1.67,8.238,10.243,0.00812392
10.19,8.252,-1.658,-1.66,8.248,10.183,0.00830565
10.158,8.279,-1.657,-1.66,8.278,10.153,0.00591626
10.138,8.316,-1.658,-1.66,8.308,10.133,0.00964273
10.159,8.387,-1.667,-1.67,8.378,10.153,0.0112251
10.985,9.094,-1.821,-1.83,9.088,10.983,0.0109998
10.97,9.14,-1.823,-1.83,9.138,10.963,0.0100995
10.952,9.183,-1.825,-1.83,9.178,10.943,0.011445
10.929,9.223,-1.826,-1.83,9.218,10.923,0.00877422
10.903,9.26,-1.827,-1.83,9.258,10.893,0.0106294
10.893,9.311,-1.83,-1.84,9.308,10.883,0.0144562
10.875,9.354,-1.832,-1.84,9.348,10.873,0.0101978
10.878,9.386,-1.836,-1.84,9.378,10.873,0.0102466
10.874,9.443,-1.841,-1.85,9.438,10.873,0.0103437
10.863,9.494,-1.844,-1.85,9.488,10.853,0.0131146
10.841,9.534,-1.846,-1.85,9.528,10.833,0.0107702
10.838,9.592,-1.851,-1.86,9.588,10.833,0.0110454
10.833,9.648,-1.855,-1.86,9.638,10.823,0.0149997
10.848,9.723,-1.864,-1.87,9.718,10.843,0.00927274
10.87,9.773,-1.871,-1.88,9.768,10.863,0.0124495
10.598,9.651,-1.831,-1.84,9.648,10.593,0.0107233
10.521,9.641,-1.822,-1.83,9.638,10.513,0.0117048
10.456,9.642,-1.815,-1.82,9.638,10.453,0.00707101
10.389,9.641,-1.808,-1.81,9.638,10.383,0.00699932
10.333,9.65,-1.803,-1.81,9.648,10.323,0.0123693
10.237,9.621,-1.791,-1.8,9.618,10.233,0.0102959
10.25,9.663,-1.796,-1.8,9.658,10.243,0.00948685
10.251,9.725,-1.802,-1.81,9.718,10.243,0.0133043
10.358,9.888,-1.829,-1.83,9.878,10.353,0.011224
7.981,8.275,-1.429,-1.43,8.268,7.973,0.0106763
7.862,8.307,-1.421,-1.43,8.298,7.853,0.0155882
7.83,8.326,-1.42,-1.42,8.318,7.823,0.0106301
7.72,8.287,-1.405,-1.41,8.278,7.713,0.0124495
7.578,8.29,-1.392,-1.4,8.288,7.573,0.00964345
7.483,8.29,-1.383,-1.39,8.288,7.473,0.0123691
7.481,8.34,-1.388,-1.39,8.338,7.473,0.00848514
7.409,8.287,-1.375,-1.38,8.278,7.403,0.011916
7.273,8.291,-1.363,-1.37,8.288,7.263,0.0125693
7.252,8.32,-1.364,-1.37,8.318,7.243,0.0109999
7.238,8.356,-1.367,-1.37,8.348,7.233,0.00989885
7.271,8.448,-1.38,-1.38,8.438,7.263,0.0128053
7.461,8.695,-1.424,-1.43,8.688,7.453,0.0122059
7.39,8.667,-1.414,-1.42,8.658,7.383,0.0128837
7.346,8.67,-1.41,-1.41,8.668,7.343,0.00360529
7.307,8.68,-1.408,-1.41,8.678,7.303,0.00489867
7.295,8.721,-1.411,-1.42,8.718,7.293,0.00969506
7.345,8.836,-1.428,-1.43,8.828,7.343,0.00848548
7.23,8.754,-1.409,-1.41,8.748,7.223,0.00927331
7.215,8.764,-1.409,-1.41,8.758,7.213,0.00640266
7.058,8.629,-1.38,-1.38,8.628,7.053,0.00509856
7.106,8.743,-1.397,-1.4,8.738,7.103,0.00655744
7.146,8.849,-1.412,-1.42,8.848,7.143,0.0086022
7.09,8.837,-1.406,-1.41,8.828,7.083,0.0120829
7.096,8.901,-1.413,-1.42,8.898,7.093,0.00818499
7.109,8.975,-1.423,-1.43,8.968,7.103,0.0115758
7.095,9.015,-1.426,-1.43,9.008,7.093,0.00830642
7.125,9.083,-1.436,-1.44,9.078,7.123,0.00670829
7.126,9.142,-1.443,-1.45,9.138,7.123,0.00860219
7.135,9.213,-1.451,-1.46,9.208,7.133,0.0104882
7.117,9.25,-1.454,-1.46,9.248,7.113,0.00748315
7.137,9.336,-1.465,-1.47,9.328,7.133,0.0102471
7.156,9.422,-1.477,-1.48,9.418,7.153,0.00583065
7.118,9.433,-1.475,-1.48,9.428,7.113,0.00865956
7.092,9.43,-1.472,-1.48,9.428,7.083,0.0122064
7.293,9.759,-1.527,-1.53,9.758,7.283,0.0104878
7.305,9.839,-1.537,-1.54,9.838,7.303,0.0037412
10.721,8.244,-1.777,-1.78,8.238,10.713,0.0104402
10.706,8.286,-1.779,-1.78,8.278,10.703,0.00860276
10.671,8.312,-1.778,-1.78,8.308,10.663,0.00916451
10.551,8.272,-1.76,-1.76,8.268,10.543,0.00894362
10.463,8.256,-1.749,-1.75,8.248,10.463,0.00806169
10.406,8.264,-1.743,-1.75,8.258,10.403,0.00969515
10.345,8.242,-1.734,-1.74,8.238,10.343,0.00748315
10.301,8.26,-1.73,-1.74,8.258,10.293,0.0129611
10.281,8.297,-1.732,-1.74,8.288,10.273,0.0144564
10.278,8.348,-1.736,-1.74,8.338,10.273,0.0118734
10.453,8.546,-1.774,-1.78,8.538,10.443,0.0141419
10.567,8.695,-1.801,-1.81,8.688,10.563,0.0120823
10.549,8.736,-1.802,-1.81,8.728,10.543,0.0128056
10.553,8.767,-1.806,-1.81,8.758,10.553,0.00984868
10.527,8.802,-1.806,-1.81,8.798,10.523,0.00692784
10.519,8.851,-1.81,-1.81,8.848,10.513,0.00670836
10.512,8.902,-1.814,-1.82,8.898,10.503,0.0115323
10.508,8.956,-1.819,-1.82,8.948,10.503,0.00948721
10.485,8.993,-1.82,-1.83,8.988,10.483,0.0113578
10.47,9.037,-1.822,-1.83,9.028,10.463,0.0139283
10.455,9.082,-1.825,-1.83,9.078,10.453,0.00670798
10.427,9.086,-1.822,-1.83,9.078,10.423,0.0120002
10.427,9.144,-1.828,-1.83,9.138,10.423,0.00748284
10.416,9.192,-1.831,-1.84,9.188,10.413,0.0102956
10.384,9.223,-1.83,-1.84,9.218,10.383,0.0112245
10.359,9.259,-1.831,-1.84,9.258,10.353,0.0108625
10.357,9.315,-1.837,-1.84,9.308,10.353,0.0086014
10.345,9.364,-1.84,-1.85,9.358,10.343,0.0118324
10.343,9.392,-1.843,-1.85,9.388,10.343,0.00806209
10.338,9.447,-1.848,-1.85,9.438,10.333,0.0104872
10.303,9.474,-1.846,-1.85,9.468,10.303,0.00721078
10.293,9.526,-1.85,-1.86,9.518,10.283,0.0162479
10.287,9.579,-1.855,-1.86,9.578,10.283,0.00648062
10.265,9.62,-1.857,-1.86,9.618,10.263,0.00412344
10.258,9.674,-1.861,-1.87,9.668,10.253,0.0119163
10.274,9.72,-1.868,-1.87,9.718,10.273,0.0029997
10.261,9.769,-1.871,-1.88,9.768,10.253,0.0120826
8,8.31,-1.487,-1.49,8.308,7.993,0.00787395
7.945,8.305,-1.481,-1.49,8.298,7.943,0.0115758
7.911,8.321,-1.479,-1.48,8.318,7.903,0.00860188
7.869,8.329,-1.476,-1.48,8.328,7.863,0.00727984
7.845,8.356,-1.476,-1.48,8.348,7.843,0.00916454
7.773,8.332,-1.466,-1.47,8.328,7.763,0.0114884
7.737,8.319,-1.461,-1.47,8.318,7.733,0.00989948
7.681,8.311,-1.455,-1.46,8.308,7.673,0.0098992
7.647,8.327,-1.453,-1.46,8.318,7.643,0.0120829
7.612,8.34,-1.451,-1.46,8.338,7.603,0.012884
7.55,8.325,-1.443,-1.45,8.318,7.543,0.0121244
7.527,8.353,-1.444,-1.45,8.348,7.523,0.00877438
7.466,8.336,-1.436,-1.44,8.328,7.463,0.00943426
7.403,8.292,-1.425,-1.43,8.288,7.393,0.011874
7.362,8.299,-1.422,-1.43,8.298,7.353,0.0120828
7.336,8.322,-1.422,-1.43,8.318,7.333,0.0094337
7.301,8.334,-1.42,-1.42,8.328,7.293,0.00999966
7.294,8.38,-1.425,-1.43,8.378,7.293,0.00547716
7.289,8.428,-1.43,-1.43,8.428,7.283,0.00599957
7.378,8.779,-1.477,-1.48,8.778,7.373,0.00591585
7.374,8.831,-1.482,-1.49,8.828,7.373,0.00860242
7.317,8.819,-1.476,-1.48,8.818,7.313,0.00574448
7.199,8.732,-1.455,-1.46,8.728,7.193,0.00877453
7.206,8.796,-1.463,-1.47,8.788,7.203,0.0110449
7.198,8.815,-1.464,-1.47,8.808,7.193,0.0104873
7.201,8.876,-1.471,-1.48,8.868,7.193,0.014457
7.197,8.928,-1.477,-1.48,8.928,7.193,0.00499978
7.207,8.999,-1.486,-1.49,8.998,7.203,0.00574431
7.21,9.06,-1.493,-1.5,9.058,7.203,0.0100994
7.224,9.137,-1.503,-1.51,9.128,7.223,0.0114454
7.216,9.186,-1.508,-1.51,9.178,7.213,0.00877436
7.243,9.281,-1.521,-1.53,9.278,7.233,0.0137839
7.237,9.303,-1.523,-1.53,9.298,7.233,0.00948675
7.531,9.746,-1.601,-1.61,9.738,7.523,0.014457
7.446,9.699,-1.588,-1.59,9.698,7.443,0.00374158
7.418,9.726,-1.589,-1.59,9.718,7.413,0.00948641
7.384,9.744,-1.588,-1.59,9.738,7.383,0.00640352
7.347,9.759,-1.586,-1.59,9.758,7.343,0.00574431
7.327,9.797,-1.589,-1.59,9.788,7.323,0.00989922
7.34,9.846,-1.596,-1.6,9.838,7.333,0.0113574
9.988,8.255,-1.788,-1.79,8.248,9.983,0.0088318
9.976,8.297,-1.79,-1.79,8.288,9.973,0.00948645
9.965,8.341,-1.793,-1.8,8.338,9.963,0.00787368
9.936,8.37,-1.793,-1.8,8.368,9.933,0.00787368
9.932,8.393,-1.795,-1.8,8.388,9.923,0.011445
9.924,8.44,-1.798,-1.8,8.438,9.923,0.00299907
9.892,8.467,-1.797,-1.8,8.458,9.883,0.0130764
9.884,8.514,-1.801,-1.81,8.508,9.883,0.0108624
9.872,8.558,-1.804,-1.81,8.548,9.863,0.0147303
9.856,8.598,-1.806,-1.81,8.588,9.853,0.0111795
9.828,8.629,-1.806,-1.81,8.628,9.823,0.00648071
9.842,8.667,-1.812,-1.82,8.658,9.833,0.0150331
9.816,8.7,-1.812,-1.82,8.698,9.813,0.00877471
9.802,8.742,-1.815,-1.82,8.738,9.793,0.0110451
9.786,8.784,-1.817,-1.82,8.778,9.783,0.00734901
9.764,8.82,-1.818,-1.82,8.818,9.763,0.00299978
9.756,8.867,-1.822,-1.83,8.858,9.753,0.0124094
9.75,8.918,-1.827,-1.83,8.908,9.743,0.01257
9.734,8.932,-1.826,-1.83,8.928,9.733,0.00574448
9.734,8.988,-1.832,-1.84,8.978,9.733,0.0128447
9.713,9.025,-1.834,-1.84,9.018,9.713,0.00921882
9.683,9.054,-1.833,-1.84,9.048,9.673,0.0136008
9.667,9.097,-1.836,-1.84,9.088,9.663,0.0106299
9.649,9.137,-1.838,-1.84,9.128,9.643,0.0109996
9.624,9.171,-1.839,-1.84,9.168,9.623,0.00331585
9.6,9.205,-1.84,-1.85,9.198,9.593,0.0140712
9.602,9.237,-1.844,-1.85,9.228,9.593,0.014071
9.58,9.274,-1.845,-1.85,9.268,9.573,0.0104878
9.557,9.309,-1.846,-1.85,9.308,9.553,0.00574431
9.536,9.348,-1.848,-1.85,9.338,9.533,0.0106295
9.522,9.393,-1.852,-1.86,9.388,9.513,0.013038
9.511,9.441,-1.856,-1.86,9.438,9.503,0.0094333
9.491,9.48,-1.858,-1.86,9.478,9.483,0.00848537
9.49,9.509,-1.861,-1.87,9.508,9.483,0.0114455
9.467,9.546,-1.862,-1.87,9.538,9.463,0.0119995
9.448,9.587,-1.865,-1.87,9.578,9.443,0.0114454
9.429,9.628,-1.867,-1.87,9.628,9.423,0.00670782
9.424,9.683,-1.872,-1.88,9.678,9.423,0.00948635
7.957,8.285,-1.562,-1.57,8.278,7.953,0.0113577
7.876,8.278,-1.553,-1.56,8.268,7.873,0.0125692
7.839,8.291,-1.55,-1.55,8.288,7.833,0.00670836
7.79,8.291,-1.545,-1.55,8.288,7.783,0.00911013
7.742,8.293,-1.54,-1.54,8.288,7.733,0.0102955
7.696,8.295,-1.536,-1.54,8.288,7.693,0.0086022
7.661,8.311,-1.534,-1.54,8.308,7.653,0.0104396
7.607,8.304,-1.528,-1.53,8.298,7.603,0.0074828
7.573,8.293,-1.523,-1.53,8.288,7.563,0.0131907
7.555,8.325,-1.525,-1.53,8.318,7.553,0.00883159
7.501,8.318,-1.518,-1.52,8.308,7.493,0.0129609
7.425,8.287,-1.507,-1.51,8.278,7.423,0.00969517
7.346,8.303,-1.501,-1.51,8.298,7.343,0.0107238
7.319,8.326,-1.501,-1.51,8.318,7.313,0.0134536
7.317,8.349,-1.503,-1.51,8.348,7.313,0.0081238
7.301,8.384,-1.506,-1.51,8.378,7.293,0.01077
7.303,8.44,-1.512,-1.52,8.438,7.293,0.0129611
8.061,9.766,-1.743,-1.75,9.758,8.053,0.0133034
7.964,9.711,-1.726,-1.73,9.708,7.963,0.00509921
7.914,9.713,-1.722,-1.73,9.708,7.913,0.0094869
7.863,9.712,-1.717,-1.72,9.708,7.853,0.01118
7.813,9.713,-1.712,-1.72,9.708,7.803,0.0137476
7.811,9.741,-1.715,-1.72,9.738,7.803,0.0098991
7.775,9.759,-1.714,-1.72,9.758,7.773,0.00640303
7.752,9.793,-1.716,-1.72,9.788,7.743,0.0110453
7.694,9.783,-1.709,-1.71,9.778,7.693,0.00519617
7.612,9.742,-1.696,-1.7,9.738,7.603,0.0106299
7.542,9.716,-1.687,-1.69,9.708,7.533,0.0124088
7.483,9.702,-1.68,-1.68,9.698,7.473,0.01077
7.453,9.695,-1.676,-1.68,9.688,7.443,0.0128445
7.364,9.641,-1.661,-1.67,9.638,7.363,0.00953906
7.384,9.73,-1.674,-1.68,9.728,7.383,0.00640262
7.373,9.78,-1.679,-1.68,9.778,7.363,0.0102467
7.367,9.837,-1.685,-1.69,9.828,7.363,0.0110452
8.691,8.276,-1.78,-1.78,8.268,8.683,0.0113129
8.695,8.306,-1.784,-1.79,8.298,8.693,0.0101975
8.683,8.347,-1.787,-1.79,8.338,8.673,0.0137834
8.662,8.38,-1.789,-1.79,8.378,8.653,0.00927341
8.639,8.41,-1.789,-1.79,8.408,8.633,0.00640266
8.629,8.453,-1.793,-1.8,8.448,8.623,0.0104879
8.609,8.487,-1.795,-1.8,8.478,8.603,0.011916
8.585,8.517,-1.795,-1.8,8.508,8.583,0.0104879
8.59,8.549,-1.799,-1.8,8.548,8.583,0.00714131
8.573,8.585,-1.801,-1.81,8.578,8.563,0.0151652
8.541,8.607,-1.8,-1.8,8.598,8.533,0.0120417
8.529,8.649,-1.804,-1.81,8.648,8.523,0.00854358
8.507,8.681,-1.805,-1.81,8.678,8.503,0.00707061
8.491,8.719,-1.807,-1.81,8.718,8.483,0.00860257
8.477,8.76,-1.811,-1.82,8.758,8.473,0.0100498
8.474,8.785,-1.813,-1.82,8.778,8.473,0.00994986
8.463,8.829,-1.817,-1.82,8.828,8.463,0.00316243
8.286,8.698,-1.782,-1.79,8.688,8.283,0.0131525
7.845,8.285,-1.687,-1.69,8.278,7.843,0.00787383
7.791,8.28,-1.68,-1.68,8.278,7.783,0.00824561
7.747,8.285,-1.676,-1.68,8.278,7.743,0.00900004
7.693,8.279,-1.669,-1.67,8.278,7.683,0.0100993
7.656,8.291,-1.667,-1.67,8.288,7.653,0.00519612
7.636,8.296,-1.665,-1.67,8.288,7.633,0.00989896
7.535,8.29,-1.654,-1.66,8.288,7.533,0.00663295
7.483,8.284,-1.647,-1.65,8.278,7.473,0.0120417
7.398,8.294,-1.64,-1.64,8.288,7.393,0.00780968
7.364,8.308,-1.638,-1.64,8.298,7.363,0.0102462
7.347,8.315,-1.637,-1.64,8.308,7.343,0.0086014
7.331,8.35,-1.639,-1.64,8.348,7.323,0.00830602
7.325,8.397,-1.644,-1.65,8.388,7.323,0.0109997
8.095,9.343,-1.838,-1.84,9.338,8.093,0.0057446
8.084,9.389,-1.842,-1.85,9.388,8.083,0.00812392
8.06,9.422,-1.844,-1.85,9.418,8.053,0.0100498
8.032,9.449,-1.844,-1.85,9.448,8.023,0.0108619
8.04,9.489,-1.85,-1.86,9.488,8.033,0.0122475
8.01,9.514,-1.85,-1.86,9.508,8.003,0.0136013
8.008,9.572,-1.857,-1.86,9.568,8.003,0.00707099
7.976,9.595,-1.856,-1.86,9.588,7.973,0.00860226
7.95,9.626,-1.857,-1.86,9.618,7.943,0.0110453
7.95,9.687,-1.865,-1.87,9.678,7.943,0.0124495
7.923,9.717,-1.866,-1.87,9.708,7.913,0.0140354
7.92,9.775,-1.873,-1.88,9.768,7.913,0.0121238
7.899,9.78,-1.871,-1.88,9.778,7.893,0.011
7.817,9.742,-1.858,-1.86,9.738,7.813,0.0059996
7.751,9.721,-1.849,-1.85,9.718,7.743,0.00860199
7.69,9.707,-1.841,-1.85,9.698,7.683,0.0145258
7.648,9.717,-1.838,-1.84,9.708,7.643,0.0104878
7.596,9.713,-1.833,-1.84,9.708,7.593,0.00911049
7.55,9.716,-1.829,-1.83,9.708,7.543,0.0106766
7.536,9.73,-1.829,-1.83,9.728,7.533,0.00374053
7.485,9.727,-1.824,-1.83,9.718,7.483,0.0109999
7.466,9.766,-1.827,-1.83,9.758,7.463,0.00905481
7.818,8.281,-1.795,-1.8,8.278,7.813,0.00768101
7.802,8.291,-1.795,-1.8,8.288,7.793,0.0107237
7.755,8.292,-1.789,-1.79,8.288,7.753,0.00458224
7.504,8.282,-1.759,-1.76,8.278,7.503,0.00424236
7.471,8.298,-1.758,-1.76,8.298,7.463,0.00824611
7.465,8.317,-1.759,-1.76,8.308,7.463,0.00927342
7.52,8.431,-1.78,-1.78,8.428,7.513,0.00761503
7.583,8.555,-1.803,-1.81,8.548,7.573,0.014071
7.591,8.619,-1.812,-1.82,8.618,7.583,0.0113578
7.567,8.645,-1.812,-1.82,8.638,7.563,0.0113577
7.564,8.697,-1.819,-1.82,8.688,7.563,0.00910932
7.533,8.717,-1.818,-1.82,8.708,7.523,0.0136012
7.533,8.745,-1.821,-1.83,8.738,7.523,0.0151656
7.518,8.782,-1.824,-1.83,8.778,7.513,0.00877465
7.49,8.806,-1.824,-1.83,8.798,7.483,0.0122059
7.472,8.841,-1.827,-1.83,8.838,7.463,0.00994951
7.455,8.877,-1.83,-1.84,8.868,7.453,0.0136013
7.433,8.907,-1.831,-1.84,8.898,7.423,0.0161857
7.409,8.935,-1.832,-1.84,8.928,7.403,0.0122063
7.397,8.978,-1.837,-1.84,8.968,7.393,0.0111796
7.379,8.985,-1.836,-1.84,8.978,7.373,0.0100492
7.36,9.019,-1.838,-1.84,9.018,7.353,0.00734836
7.339,9.051,-1.84,-1.85,9.048,7.333,0.0120414
7.313,9.078,-1.841,-1.85,9.068,7.303,0.0167631
7.286,9.102,-1.841,-1.85,9.098,7.283,0.0102954
7.261,9.129,-1.842,-1.85,9.128,7.253,0.0113577
7.238,9.16,-1.844,-1.85,9.158,7.233,0.00806203
7.231,9.181,-1.846,-1.85,9.178,7.223,0.0094337
7.206,9.208,-1.847,-1.85,9.198,7.203,0.0108629
7.172,9.224,-1.845,-1.85,9.218,7.163,0.011916
7.143,9.247,-1.845,-1.85,9.238,7.133,0.0143524
7.125,9.283,-1.848,-1.85,9.278,7.123,0.0057446
7.088,9.296,-1.846,-1.85,9.288,7.083,0.0102463
7.061,9.322,-1.847,-1.85,9.318,7.053,0.00943337
7.06,9.35,-1.851,-1.86,9.348,7.053,0.0115756
7.03,9.372,-1.851,-1.86,9.368,7.023,0.012083
7.006,9.4,-1.852,-1.86,9.398,7.003,0.00877465
6.981,9.429,-1.853,-1.86,9.428,6.973,0.0106769
6.982,8.309,-1.801,-1.81,8.308,6.973,0.0127669
6.967,8.345,-1.804,-1.81,8.338,6.963,0.0100497